{"start": 1545698358.9748511, "timings": [0.64849853515625, 5.252361297607422, 4.664897918701172, 5.833864212036133, 4.638910293579102, 3.809690475463867, 3.8726329803466797, 4.144906997680664, 3.7627220153808594, 5.280494689941406, 3.0968189239501953, 6.967067718505859, 6.910562515258789, 6.979942321777344, 5.996465682983398, 6.889820098876953, 7.25555419921875, 7.8716278076171875, 7.7667236328125, 5.355358123779297, 6.342411041259766, 7.831811904907227, 5.63812255859375, 4.11677360534668, 7.864713668823242, 6.02269172668457, 7.990360260009766, 5.547523498535156, 6.604433059692383, 7.955789566040039, 5.255222320556641, 4.800319671630859, 7.953643798828125, 6.099224090576172, 6.224870681762695, 6.182432174682617, 7.223844528198242, 3.4401416778564453, 5.858421325683594, 10.065078735351562, 6.354570388793945, 5.494832992553711, 7.649660110473633, 4.179239273071289, 7.493495941162109, 4.514932632446289, 6.2961578369140625, 5.730867385864258, 5.229949951171875, 8.27932357788086, 5.988836288452148, 5.322933197021484, 6.142377853393555, 5.914211273193359, 5.415439605712891, 6.869316101074219, 5.588531494140625, 6.278038024902344, 4.573345184326172, 8.216619491577148, 4.810333251953125, 5.5103302001953125, 5.322456359863281, 5.574226379394531, 7.369041442871094, 6.402492523193359, 5.774021148681641, 5.470991134643555, 6.235837936401367, 6.1206817626953125, 4.142045974731445, 6.229162216186523, 9.038209915161133, 6.279706954956055, 6.284475326538086, 6.821393966674805, 7.782697677612305, 4.500627517700195, 7.545709609985352, 5.530834197998047, 7.440328598022461, 5.565881729125977, 5.332708358764648, 6.217241287231445, 10.121345520019531, 4.2133331298828125, 7.008552551269531, 8.166790008544922, 6.639957427978516, 6.661653518676758, 6.250143051147461, 7.618904113769531, 7.76219367980957, 4.279851913452148, 7.949590682983398, 5.860090255737305, 4.862308502197266, 5.877256393432617, 6.234407424926758, 6.392717361450195, 7.419824600219727, 9.74130630493164, 9.958744049072266, 10.591745376586914, 11.930465698242188, 9.11092758178711, 12.345552444458008, 12.279272079467773, 7.493019104003906, 9.490251541137695, 7.836103439331055, 7.182121276855469, 10.205745697021484, 10.092496871948242, 9.676933288574219, 8.907794952392578, 9.813785552978516, 8.702993392944336, 12.391805648803711, 8.891105651855469, 7.6351165771484375, 9.552478790283203, 13.761043548583984, 11.37685775756836, 12.605905532836914, 14.087200164794922, 11.864185333251953, 11.732101440429688, 11.492490768432617, 9.4146728515625, 9.53054428100586, 12.542247772216797, 7.239580154418945, 8.815765380859375, 9.79924201965332, 10.310173034667969, 10.454177856445312, 9.325981140136719, 9.561777114868164, 8.21375846862793, 10.256767272949219, 6.979942321777344, 8.945703506469727, 8.731603622436523, 9.115934371948242, 8.654117584228516, 10.282039642333984, 11.781454086303711, 14.235258102416992, 6.771087646484375, 8.572816848754883, 11.612892150878906, 8.748769760131836, 7.064104080200195, 8.183479309082031, 7.648468017578125, 10.42318344116211, 13.974189758300781, 7.07244873046875, 8.054256439208984, 13.986825942993164, 7.04503059387207, 11.363744735717773, 7.220745086669922, 10.14852523803711, 8.986711502075195, 10.384082794189453, 9.409666061401367, 10.67042350769043, 10.478973388671875, 10.469198226928711, 8.342981338500977, 7.9441070556640625, 9.691476821899414, 6.969928741455078, 7.935285568237305, 8.477210998535156, 10.150909423828125, 8.451461791992188, 8.2855224609375, 12.118816375732422, 6.788730621337891, 10.041236877441406, 9.643793106079102, 8.82577896118164, 7.802248001098633, 10.609865188598633, 12.228965759277344, 7.332563400268555, 9.870290756225586, 13.527631759643555, 9.262800216674805, 10.710716247558594, 8.20302963256836, 9.32002067565918, 9.840726852416992, 9.715557098388672, 10.907649993896484, 9.620189666748047, 8.692026138305664, 8.400917053222656, 9.073257446289062, 8.659839630126953, 8.901596069335938, 9.388446807861328, 9.152412414550781, 9.275674819946289, 8.951425552368164, 9.330987930297852, 5.073070526123047, 15.657901763916016, 5.939960479736328, 10.843515396118164, 10.541200637817383, 10.490179061889648, 9.357690811157227, 7.566213607788086, 10.85972785949707, 7.2021484375, 8.083581924438477, 10.70404052734375, 9.287834167480469, 8.681058883666992, 8.812904357910156, 11.090517044067383, 9.95492935180664, 8.163690567016602, 11.842012405395508, 6.302118301391602, 9.483575820922852, 8.804798126220703, 10.195493698120117, 9.688615798950195, 8.646965026855469, 10.782957077026367, 9.165048599243164, 11.65008544921875, 8.356094360351562, 10.679244995117188, 8.750438690185547, 11.537551879882812, 8.93712043762207, 7.155656814575195, 9.996175765991211, 9.111404418945312, 8.871078491210938, 8.345842361450195, 7.311105728149414, 9.768486022949219, 7.990360260009766, 8.287906646728516, 11.25645637512207, 6.6051483154296875, 10.561466217041016, 11.62862777709961, 9.515047073364258, 8.791208267211914, 11.343717575073242, 10.581016540527344, 9.162664413452148, 9.276866912841797, 10.268211364746094, 10.659456253051758, 7.305145263671875, 10.7269287109375, 8.521556854248047, 11.95383071899414, 8.368968963623047, 10.606765747070312, 9.397745132446289, 9.349346160888672, 12.043476104736328, 6.503105163574219, 10.955810546875, 6.674051284790039, 9.458065032958984, 11.85154914855957, 14.913320541381836, 9.115934371948242, 13.90218734741211, 9.675741195678711, 14.748811721801758, 9.534120559692383, 7.316827774047852, 10.355710983276367, 7.77888298034668, 14.144659042358398, 7.957696914672852, 10.748624801635742, 9.824752807617188, 10.266304016113281, 9.53221321105957, 9.612321853637695, 11.252880096435547, 8.634567260742188, 9.904146194458008, 11.18159294128418, 10.042667388916016, 8.199214935302734, 10.057210922241211, 13.648509979248047, 11.29007339477539, 13.848543167114258, 6.942033767700195, 11.488676071166992, 10.219573974609375, 9.321212768554688, 12.348175048828125, 7.709980010986328, 10.662317276000977, 12.50910758972168, 8.651018142700195, 10.066509246826172, 9.298563003540039, 11.839866638183594, 9.098529815673828, 9.341239929199219, 9.781122207641602, 9.927511215209961, 11.184453964233398, 10.275840759277344, 9.567737579345703, 10.393381118774414, 14.795303344726562, 9.393692016601562, 10.132551193237305, 7.565021514892578, 10.695457458496094, 9.911775588989258, 11.69586181640625, 10.508060455322266, 10.351181030273438, 9.758472442626953, 8.573532104492188, 12.63570785522461, 7.124900817871094, 12.337923049926758, 8.826255798339844, 10.006427764892578, 8.092403411865234, 6.934165954589844, 11.423349380493164, 7.723569869995117, 12.855291366577148, 9.097576141357422, 12.598752975463867, 16.508817672729492, 7.499217987060547, 8.902311325073242, 11.610031127929688, 8.163928985595703, 9.54580307006836, 7.80487060546875, 9.839534759521484, 8.850336074829102, 8.958578109741211, 10.627508163452148, 9.448051452636719, 10.267257690429688, 9.402751922607422, 10.474681854248047, 8.91876220703125, 10.262727737426758, 12.016057968139648, 7.451534271240234, 10.856866836547852, 11.17086410522461, 10.358333587646484, 10.773420333862305, 9.825468063354492, 10.76197624206543, 9.713172912597656, 12.956619262695312, 10.800600051879883, 7.776975631713867, 11.320352554321289, 11.93094253540039, 10.046005249023438, 11.43789291381836, 7.299900054931641, 9.550333023071289, 11.002302169799805, 12.319803237915039, 8.21828842163086, 14.215707778930664, 8.483171463012695, 8.57090950012207, 7.826566696166992, 13.954877853393555, 12.979269027709961, 10.945320129394531, 10.545015335083008, 9.844064712524414, 9.146928787231445, 13.633251190185547, 8.4686279296875, 10.83517074584961, 9.65261459350586, 14.365911483764648, 13.910055160522461, 12.360334396362305, 9.233951568603516, 11.53707504272461, 9.577512741088867, 9.446382522583008, 10.302543640136719, 11.17849349975586, 10.35165786743164, 10.775327682495117, 8.879661560058594, 10.457277297973633, 11.725902557373047, 11.917352676391602, 11.150598526000977, 