{"start": 1546929290.367731, "timings": [6.008625030517578, 9.115934371948242, 14.944791793823242, 8.983373641967773, 22.575855255126953, 10.129928588867188, 10.095596313476562, 10.567665100097656, 9.626626968383789, 9.412050247192383, 9.288311004638672, 8.779287338256836, 9.91964340209961, 9.296417236328125, 8.981466293334961, 12.448310852050781, 10.390281677246094, 20.975351333618164, 9.477615356445312, 9.114265441894531, 9.946584701538086, 8.884906768798828, 9.883642196655273, 10.987997055053711, 8.915424346923828, 8.775472640991211, 9.618520736694336, 10.49661636352539, 9.353876113891602, 19.257307052612305, 8.661746978759766, 8.846521377563477, 8.655309677124023, 8.816957473754883, 8.887529373168945, 14.558553695678711, 9.39488410949707, 8.410453796386719, 8.491754531860352, 9.616374969482422, 8.777856826782227, 9.139537811279297, 8.696317672729492, 8.39376449584961, 8.845090866088867, 8.60142707824707, 8.48388671875, 8.661985397338867, 8.638858795166016, 8.052349090576172, 7.6999664306640625, 7.546186447143555, 7.524728775024414, 7.802248001098633, 7.788896560668945, 11.241912841796875, 7.468223571777344, 7.758378982543945, 7.797479629516602, 7.558584213256836, 7.526874542236328, 7.723569869995117, 7.697105407714844, 7.569789886474609, 7.931947708129883, 7.759332656860352, 17.323017120361328, 10.011911392211914, 7.700204849243164, 7.635354995727539, 7.53021240234375, 7.616996765136719, 7.555484771728516, 7.617950439453125, 7.469892501831055, 10.423660278320312, 7.480382919311523, 15.699148178100586, 7.855415344238281, 7.861852645874023, 7.600069046020508, 12.759685516357422, 8.140802383422852, 8.092403411865234, 10.837078094482422, 7.83228874206543, 7.839441299438477, 7.620096206665039, 7.94529914855957, 7.743358612060547, 7.823705673217773, 7.648944854736328, 7.632732391357422, 7.638216018676758, 7.7648162841796875, 7.48753547668457, 8.54039192199707, 7.658243179321289, 7.476568222045898, 7.653951644897461, 7.855892181396484, 8.05211067199707, 17.80223846435547, 7.691860198974609, 8.085489273071289, 18.811464309692383, 7.990837097167969, 17.497777938842773, 8.432865142822266, 7.953643798828125, 8.319616317749023, 11.121273040771484, 7.845640182495117, 7.654428482055664, 8.097648620605469, 8.743047714233398, 8.954286575317383, 8.963823318481445, 11.817455291748047, 7.74693489074707, 7.675409317016602, 10.347843170166016, 7.7915191650390625, 7.546901702880859, 7.6389312744140625, 14.238834381103516, 7.969379425048828, 7.624149322509766, 8.148431777954102, 7.8144073486328125, 8.310556411743164, 7.968902587890625, 7.752418518066406, 7.681608200073242, 7.868051528930664, 7.643699645996094, 8.049488067626953, 7.499456405639648, 8.868932723999023, 10.348796844482422, 7.78651237487793, 7.723093032836914, 9.844779968261719, 10.311603546142578, 8.134603500366211, 16.713857650756836, 9.474039077758789, 8.26573371887207, 8.027791976928711, 7.719755172729492, 7.888317108154297, 8.025884628295898, 8.634805679321289, 7.610797882080078, 7.500648498535156, 7.627964019775391, 7.833003997802734, 7.604837417602539, 10.50710678100586, 7.756233215332031, 11.998653411865234, 7.599115371704102, 7.799863815307617, 15.68150520324707, 7.606983184814453, 7.564306259155273, 7.764101028442383, 7.750511169433594, 7.758378982543945, 7.836103439331055, 7.779836654663086, 7.597446441650391, 12.511253356933594, 7.572174072265625, 8.002042770385742, 8.386373519897461, 7.4939727783203125, 7.495641708374023, 8.29458236694336, 7.8372955322265625, 7.495880126953125, 7.824182510375977, 7.868289947509766, 8.504152297973633, 7.781505584716797, 7.655620574951172, 7.725715637207031, 13.021707534790039, 8.226633071899414, 7.475376129150391, 8.426666259765625, 7.888317108154297, 8.101463317871094, 7.657289505004883, 7.6541900634765625, 7.4634552001953125, 7.604360580444336, 7.709503173828125, 9.382247924804688, 8.288860321044922, 7.721424102783203, 8.159160614013672, 7.827997207641602, 7.9021453857421875, 7.669925689697266, 7.999420166015625, 8.129596710205078, 7.485151290893555, 15.140056610107422, 7.71021842956543, 23.389816284179688, 8.256912231445312, 7.6541900634765625, 31.246662139892578, 8.358001708984375, 7.800817489624023, 7.619142532348633, 7.951259613037109, 8.363008499145508, 8.649587631225586, 8.202791213989258, 7.892370223999023, 7.720232009887695, 7.580041885375977, 7.770538330078125, 8.410453796386719, 8.194684982299805, 7.527828216552734, 7.575511932373047, 7.602930068969727, 7.969141006469727, 8.209466934204102, 8.135557174682617, 8.284807205200195, 7.953882217407227, 7.816314697265625, 7.9784393310546875, 7.692098617553711, 7.865190505981445, 19.63639259338379, 8.002281188964844, 8.303403854370117, 9.587764739990234, 7.981061935424805, 7.898807525634766, 7.65538215637207, 12.337923049926758, 8.291244506835938, 11.539459228515625, 7.8716278076171875, 8.117198944091797, 7.702350616455078, 7.721185684204102, 8.344173431396484, 7.788419723510742, 7.9097747802734375, 8.388042449951172, 7.512569427490234, 8.027315139770508, 10.825634002685547, 8.60738754272461, 7.697820663452148, 7.548332214355469, 8.64553451538086, 8.124589920043945, 7.424116134643555, 8.342742919921875, 7.542848587036133, 7.783412933349609, 8.01992416381836, 7.618427276611328, 7.612705230712891, 8.052587509155273, 7.347345352172852, 8.32056999206543, 7.357120513916016, 7.611513137817383, 7.6274871826171875, 7.966756820678711, 7.5225830078125, 8.107662200927734, 7.61723518371582, 7.617473602294922, 7.639408111572266, 7.686614990234375, 7.665872573852539, 7.734775543212891, 8.044004440307617, 8.279085159301758, 7.529497146606445, 7.9021453857421875, 7.953166961669922, 7.965087890625, 7.701635360717773, 7.796049118041992, 7.65681266784668, 8.087873458862305, 22.32646942138672, 8.351325988769531, 7.81559944152832, 8.170604705810547, 7.726907730102539, 18.6312198638916, 7.852315902709961, 8.324623107910156, 7.68589973449707, 7.962226867675781, 11.31129264831543, 7.581949234008789, 7.518529891967773, 7.826089859008789, 7.803916931152344, 8.585691452026367, 21.80337905883789, 8.761405944824219, 21.191120147705078, 7.8945159912109375, 8.325576782226562, 8.005380630493164, 8.097410202026367, 7.889509201049805, 7.35783576965332, 7.723569869995117, 7.498264312744141, 7.359027862548828, 8.178234100341797, 7.939338684082031, 7.64155387878418, 9.130716323852539, 10.011434555053711, 10.370731353759766, 8.489847183227539, 9.301424026489258, 12.664079666137695, 9.618520736694336, 8.835554122924805, 8.442163467407227, 8.126020431518555, 8.069992065429688, 10.784626007080078, 8.972406387329102, 8.124351501464844, 8.424758911132812, 7.9898834228515625, 7.536411285400391, 7.831573486328125, 15.696525573730469, 15.587329864501953, 10.371685028076172, 8.323907852172852, 23.583173751831055, 16.71290397644043, 8.018016815185547, 8.431434631347656, 8.558511734008789, 8.506298065185547, 8.664608001708984, 8.327484130859375, 7.756233215332031, 7.777690887451172, 7.783651351928711, 7.6198577880859375, 8.374691009521484, 8.042097091674805, 11.090278625488281, 8.116483688354492, 7.795810699462891, 8.200407028198242, 7.46607780456543, 7.880210876464844, 7.770538330078125, 7.526636123657227, 7.525444030761719, 7.962942123413086, 7.404565811157227, 16.147375106811523, 7.722139358520508, 8.367300033569336, 7.4443817138671875, 7.602214813232422, 8.084774017333984, 7.621049880981445, 7.998466491699219, 8.273601531982422, 7.695913314819336, 7.745265960693359, 14.649152755737305, 8.283853530883789, 7.453203201293945, 8.066892623901367, 11.467218399047852, 8.174419403076172, 8.018016815185547, 7.688045501708984, 7.607936859130859, 8.266687393188477, 7.518768310546875, 7.892608642578125, 7.411479949951172, 7.364511489868164, 7.55620002746582, 7.445812225341797, 7.401704788208008, 7.801532745361328, 7.697343826293945, 7.826566696166992, 9.276628494262695, 7.798433303833008, 7.8945159912109375, 7.504701614379883, 7.820844650268555, 7.652044296264648, 7.628679275512695, 7.759332656860352, 7.590770721435547, 7.387638092041016, 9.144067764282227, 