{"start": 1546187254.1299224, "timings": [0.7801055908203125, 4.8675537109375, 3.6013126373291016, 3.7565231323242188, 3.5762786865234375, 3.656148910522461, 2.2323131561279297, 3.1113624572753906, 4.009008407592773, 2.579927444458008, 2.715587615966797, 5.975961685180664, 5.804777145385742, 5.398988723754883, 5.991697311401367, 6.655454635620117, 6.098747253417969, 5.439043045043945, 4.158973693847656, 6.933927536010742, 3.7691593170166016, 5.815029144287109, 5.50389289855957, 3.9353370666503906, 3.7877559661865234, 6.336212158203125, 6.648540496826172, 3.9377212524414062, 6.377696990966797, 5.157709121704102, 5.552530288696289, 7.692575454711914, 4.274129867553711, 5.265712738037109, 7.344961166381836, 4.863739013671875, 5.5484771728515625, 5.3119659423828125, 6.124019622802734, 6.123542785644531, 4.808902740478516, 6.790876388549805, 5.363702774047852, 6.51860237121582, 3.016948699951172, 6.134986877441406, 6.726264953613281, 3.9141178131103516, 5.23829460144043, 5.3844451904296875, 5.3253173828125, 6.161689758300781, 4.211187362670898, 6.600141525268555, 5.535602569580078, 5.699396133422852, 4.062891006469727, 6.226778030395508, 5.25975227355957, 5.812168121337891, 4.7149658203125, 5.594968795776367, 5.5637359619140625, 5.269765853881836, 5.574703216552734, 3.782510757446289, 5.288839340209961, 5.826711654663086, 5.991697311401367, 5.72657585144043, 6.678104400634766, 5.529880523681641, 7.113218307495117, 5.654335021972656, 4.240751266479492, 5.464792251586914, 6.529569625854492, 4.433870315551758, 5.4149627685546875, 6.754636764526367, 4.588127136230469, 5.931615829467773, 4.585981369018555, 5.357027053833008, 5.204439163208008, 6.282329559326172, 4.842281341552734, 5.488395690917969, 6.630897521972656, 3.980398178100586, 5.405426025390625, 5.579233169555664, 5.605459213256836, 5.0868988037109375, 5.14531135559082, 4.917144775390625, 5.446672439575195, 5.358219146728516, 4.325628280639648, 6.067514419555664, 6.714105606079102, 6.363630294799805, 9.689092636108398, 8.133411407470703, 6.995439529418945, 8.379220962524414, 7.64155387878418, 7.069587707519531, 11.501073837280273, 8.417367935180664, 6.827592849731445, 5.57708740234375, 7.910251617431641, 9.619474411010742, 9.174585342407227, 9.740352630615234, 8.416414260864258, 8.034706115722656, 7.742166519165039, 5.912542343139648, 7.280588150024414, 9.400129318237305, 6.192207336425781, 6.987810134887695, 12.036800384521484, 6.249666213989258, 12.284517288208008, 5.634784698486328, 10.121822357177734, 5.442380905151367, 9.447813034057617, 8.066177368164062, 8.451461791992188, 5.519390106201172, 10.899543762207031, 8.34512710571289, 7.921934127807617, 8.962869644165039, 7.293224334716797, 8.320093154907227, 6.08372688293457, 7.511615753173828, 7.628440856933594, 8.536100387573242, 9.153604507446289, 6.277561187744141, 9.307146072387695, 11.510848999023438, 7.609367370605469, 8.983850479125977, 7.795810699462891, 7.948875427246094, 8.42905044555664, 7.672548294067383, 9.139299392700195, 8.052825927734375, 6.191730499267578, 13.0767822265625, 7.62486457824707, 7.155179977416992, 7.031679153442383, 7.168292999267578, 9.851455688476562, 5.524158477783203, 6.567716598510742, 9.578704833984375, 9.357690811157227, 7.72857666015625, 6.826639175415039, 10.537862777709961, 7.425785064697266, 8.994579315185547, 7.18998908996582, 6.337165832519531, 8.307218551635742, 8.534431457519531, 6.3419342041015625, 8.502483367919922, 8.08262825012207, 9.174108505249023, 6.092548370361328, 7.291078567504883, 6.309747695922852, 9.768247604370117, 7.721662521362305, 6.508350372314453, 8.879899978637695, 7.703065872192383, 7.367610931396484, 7.181406021118164, 8.596658706665039, 7.706165313720703, 7.947683334350586, 8.086442947387695, 9.21630859375, 9.410381317138672, 9.622812271118164, 7.910251617431641, 6.708383560180664, 8.20016860961914, 8.034229278564453, 8.99052619934082, 7.338762283325195, 7.878780364990234, 5.763530731201172, 10.190010070800781, 6.8073272705078125, 7.395029067993164, 7.60960578918457, 8.195877075195312, 7.002115249633789, 8.004903793334961, 9.366512298583984, 7.428884506225586, 8.729219436645508, 8.746147155761719, 6.336212158203125, 5.720376968383789, 9.299755096435547, 7.459163665771484, 10.477066040039062, 8.15892219543457, 5.727529525756836, 11.157989501953125, 7.349252700805664, 5.75709342956543, 8.94618034362793, 7.068634033203125, 9.70911979675293, 6.660223007202148, 6.363630294799805, 7.510900497436523, 7.51948356628418, 7.034540176391602, 8.102893829345703, 10.101795196533203, 8.715629577636719, 7.627248764038086, 7.691383361816406, 9.889602661132812, 5.393028259277344, 8.7432861328125, 5.793333053588867, 10.555028915405273, 6.638526916503906, 11.501550674438477, 9.949684143066406, 6.498813629150391, 10.290384292602539, 8.606433868408203, 6.978511810302734, 9.066343307495117, 8.113861083984375, 8.146047592163086, 6.968021392822266, 10.703563690185547, 12.274026870727539, 8.145332336425781, 12.908220291137695, 9.505748748779297, 8.725881576538086, 6.914615631103516, 7.5664520263671875, 9.15384292602539, 10.614156723022461, 6.799459457397461, 11.382341384887695, 9.575366973876953, 9.058475494384766, 8.31747055053711, 11.514425277709961, 12.62807846069336, 10.108470916748047, 10.019063949584961, 9.484529495239258, 8.239507675170898, 9.722471237182617, 6.304740905761719, 10.0860595703125, 10.44464111328125, 8.99362564086914, 7.42340087890625, 7.65681266784668, 7.22813606262207, 9.227752685546875, 8.545637130737305, 9.768962860107422, 8.93545150756836, 10.762929916381836, 9.257316589355469, 8.408308029174805, 6.21485710144043, 8.487939834594727, 8.269786834716797, 9.360790252685547, 7.291555404663086, 9.523868560791016, 5.002021789550781, 9.570121765136719, 10.047197341918945, 6.513118743896484, 11.771917343139648, 7.608175277709961, 10.473489761352539, 6.415605545043945, 8.500099182128906, 7.970333099365234, 7.404565811157227, 7.7724456787109375, 7.714509963989258, 8.222579956054688, 9.686470031738281, 9.968042373657227, 6.42085075378418, 8.46099853515625, 7.358789443969727, 11.074304580688477, 7.487058639526367, 6.050586700439453, 9.883403778076172, 8.343935012817383, 8.399009704589844, 6.6509246826171875, 10.623693466186523, 8.594751358032227, 6.248950958251953, 7.973194122314453, 8.617877960205078, 9.42540168762207, 7.910728454589844, 6.50477409362793, 7.197141647338867, 10.685443878173828, 9.655237197875977, 7.796764373779297, 8.578300476074219, 7.112264633178711, 8.528470993041992, 8.648872375488281, 8.502960205078125, 10.210752487182617, 5.8689117431640625, 10.411977767944336, 9.792804718017578, 11.401653289794922, 10.680913925170898, 8.348941802978516, 9.70149040222168, 7.740259170532227, 8.928298950195312, 8.63337516784668, 7.9631805419921875, 10.223388671875, 6.648540496826172, 10.873079299926758, 8.219480514526367, 12.049674987792969, 9.17816162109375, 6.013154983520508, 8.44120979309082, 9.415149688720703, 8.39686393737793, 9.062528610229492, 7.331371307373047, 10.256767272949219, 8.277177810668945, 11.43956184387207, 7.220268249511719, 12.827396392822266, 7.699489593505859, 7.1926116943359375, 8.867263793945312, 11.995792388916016, 5.853176116943359, 9.300708770751953, 7.086753845214844, 6.902217864990234, 12.485027313232422, 7.130861282348633, 8.001327514648438, 9.334564208984375, 7.6961517333984375, 11.569023132324219, 6.502389907836914, 8.707284927368164, 8.969545364379883, 10.652303695678711, 9.933233261108398, 9.452581405639648, 8.910179138183594, 13.683319091796875, 9.557485580444336, 7.009983062744141, 10.492801666259766, 6.300210952758789, 8.640766143798828, 8.982419967651367, 9.467840194702148, 12.115478515625, 8.33439826965332, 8.727073669433594, 8.647918701171875, 9.541988372802734, 8.053779602050781, 6.935834884643555, 7.938146591186523, 9.917736053466797, 6.556987762451172, 9.070158004760742, 7.892608642578125, 10.340452194213867, 10.516881942749023, 9.392499923706055, 7.570981979370117, 7.436513900756836, 9.499788284301758, 8.692741394042969, 11.421680450439453, 