{"start": 1546289714.0950124, "timings": [6.785392761230469, 0.48995018005371094, 0.29468536376953125, 0.28514862060546875, 19.45042610168457, 3.702402114868164, 13.231515884399414, 59.188127517700195, 28.05948257446289, 5.4798126220703125, 25.77829360961914, 17.49277114868164, 8.011102676391602, 66.58267974853516, 28.00464630126953, 15.093564987182617, 15.807390213012695, 28.197526931762695, 64.30673599243164, 10.720252990722656, 16.488313674926758, 9.511470794677734, 6.842613220214844, 28.84674072265625, 21.713972091674805, 8.806467056274414, 70.3282356262207, 9.749650955200195, 17.161130905151367, 9.632349014282227, 3.5524368286132812, 12.861013412475586, 11.898517608642578, 19.028425216674805, 58.187007904052734, 17.03047752380371, 12.94708251953125, 23.41461181640625, 18.918991088867188, 24.72829818725586, 61.36441230773926, 27.47488021850586, 17.73858070373535, 10.899543762207031, 24.785757064819336, 74.10907745361328, 11.566400527954102, 17.095088958740234, 10.151147842407227, 16.456127166748047, 8.70513916015625, 17.975568771362305, 2.6006698608398438, 9.331941604614258, 65.5057430267334, 12.710809707641602, 13.64278793334961, 9.200572967529297, 25.476694107055664, 16.917705535888672, 10.730266571044922, 68.6788558959961, 4.147768020629883, 22.226333618164062, 5.527257919311523, 17.659902572631836, 10.519027709960938, 23.724079132080078, 75.46353340148926, 11.056900024414062, 23.101091384887695, 10.708093643188477, 4.046201705932617, 29.9069881439209, 73.61149787902832, 17.383575439453125, 8.878946304321289, 5.808115005493164, 13.575315475463867, 12.823820114135742, 18.180370330810547, 22.072315216064453, 56.008100509643555, 3.068208694458008, 22.148847579956055, 10.09821891784668, 21.24810218811035, 10.152101516723633, 4.873037338256836, 16.946792602539062, 12.966156005859375, 68.38250160217285, 12.177467346191406, 20.949602127075195, 10.392189025878906, 24.16205406188965, 10.001420974731445, 16.167163848876953, 9.768009185791016, 9.34147834777832, 3.8564205169677734, 80.58881759643555, 20.7369327545166, 9.154081344604492, 21.280765533447266, 9.462833404541016, 1.9679069519042969, 33.780813217163086, 70.65606117248535, 18.997669219970703, 21.11530303955078, 33.56623649597168, 8.470773696899414, 73.69661331176758, 17.550230026245117, 26.583194732666016, 17.185688018798828, 25.625944137573242, 14.554023742675781, 60.19163131713867, 26.769638061523438, 20.5228328704834, 11.6424560546875, 24.799346923828125, 68.63594055175781, 14.07170295715332, 17.15564727783203, 20.45130729675293, 13.612508773803711, 71.27118110656738, 23.321866989135742, 17.681360244750977, 8.87918472290039, 16.791582107543945, 9.308815002441406, 17.866134643554688, 57.98745155334473, 15.028953552246094, 16.368627548217773, 10.879039764404297, 12.27116584777832, 6.464958190917969, 23.618459701538086, 21.770954132080078, 57.72876739501953, 7.763385772705078, 20.519256591796875, 23.836851119995117, 21.55280113220215, 11.30223274230957, 7.314920425415039, 65.99807739257812, 9.530305862426758, 21.21758460998535, 9.629249572753906, 22.083282470703125, 9.807825088500977, 21.039724349975586, 3.5431385040283203, 10.783672332763672, 69.60153579711914, 12.912750244140625, 17.19522476196289, 10.022640228271484, 27.354717254638672, 19.549131393432617, 10.384321212768555, 79.00595664978027, 7.1964263916015625, 23.58555793762207, 2.1021366119384766, 21.155357360839844, 17.6088809967041, 10.103702545166016, 51.30577087402344, 2.0513534545898438, 20.7827091217041, 8.367538452148438, 18.634557723999023, 14.741659164428711, 19.675731658935547, 73.86159896850586, 4.118204116821289, 15.592098236083984, 9.693145751953125, 18.70274543762207, 2.8204917907714844, 10.704517364501953, 17.348289489746094, 8.906364440917969, 65.43493270874023, 10.950803756713867, 17.90642738342285, 8.884429931640625, 17.2882080078125, 9.513378143310547, 15.279054641723633, 12.489557266235352, 81.21585845947266, 15.689373016357422, 8.968591690063477, 21.028995513916016, 26.055335998535156, 53.069353103637695, 22.478342056274414, 2.7692317962646484, 17.011404037475586, 9.186029434204102, 5.903482437133789, 25.095701217651367, 76.2643814086914, 21.357059478759766, 6.059885025024414, 22.779226303100586, 17.552614212036133, 10.473966598510742, 67.5039291381836, 8.354663848876953, 17.93694496154785, 12.40086555480957, 20.575523376464844, 17.209529876708984, 13.040781021118164, 69.11230087280273, 22.864103317260742, 7.973432540893555, 16.67046546936035, 19.83332633972168, 13.086318969726562, 79.7417163848877, 21.49176597595215, 9.479045867919922, 19.032955169677734, 2.0835399627685547, 13.90528678894043, 20.146846771240234, 71.68436050415039, 10.579109191894531, 22.09925651550293, 11.068582534790039, 21.9271183013916, 9.933233261108398, 20.767688751220703, 3.1316280364990234, 56.9608211517334, 20.60866355895996, 10.481119155883789, 20.082712173461914, 9.198188781738281, 17.545461654663086, 10.010242462158203, 66.41626358032227, 12.208938598632812, 14.95981216430664, 9.501218795776367, 17.447948455810547, 9.163618087768555, 15.653133392333984, 16.604185104370117, 67.94023513793945, 17.51708984375, 9.562492370605469, 22.182464599609375, 15.018939971923828, 20.029067993164062, 9.063243865966797, 73.72331619262695, 13.341903686523438, 19.07181739807129, 9.05609130859375, 20.144939422607422, 8.889436721801758, 15.873908996582031, 15.716075897216797, 72.40581512451172, 12.69221305847168, 27.00948715209961, 27.979612350463867, 19.028425216674805, 63.332319259643555, 4.138469696044922, 16.649961471557617, 24.65510368347168, 10.002374649047852, 16.47353172302246, 9.73200798034668, 71.20633125305176, 23.556947708129883, 8.626699447631836, 13.20505142211914, 19.7904109954834, 11.907339096069336, 3.715991973876953, 62.604665756225586, 26.259660720825195, 7.183551788330078, 15.952825546264648, 11.895179748535156, 17.825841903686523, 9.923696517944336, 66.99800491333008, 2.1429061889648438, 9.887456893920898, 16.357898712158203, 8.238077163696289, 19.36507225036621, 10.986328125, 19.444942474365234, 61.02728843688965, 23.352622985839844, 3.0634403228759766, 16.298532485961914, 13.335704803466797, 20.096540451049805, 73.81963729858398, 8.095741271972656, 27.627229690551758, 21.265268325805664, 12.515783309936523, 20.710229873657227, 64.56470489501953, 14.278173446655273, 18.749713897705078, 13.061761856079102, 18.33176612854004, 29.026269912719727, 13.13018798828125, 76.64728164672852, 16.799449920654297, 9.631156921386719, 16.438007354736328, 2.626180648803711, 8.755207061767578, 19.39535140991211, 8.809328079223633, 72.16739654541016, 17.888307571411133, 2.8269290924072266, 8.255481719970703, 19.23394203186035, 8.98885726928711, 77.60357856750488, 19.812822341918945, 24.709701538085938, 15.284538269042969, 5.160093307495117, 13.594865798950195, 78.98616790771484, 12.979507446289062, 24.76644515991211, 10.720252990722656, 22.19867706298828, 7.563352584838867, 60.70399284362793, 11.442899703979492, 3.259897232055664, 16.666173934936523, 10.456085205078125, 23.030757904052734, 18.99552345275879, 8.928775787353516, 74.05328750610352, 9.878873825073242, 6.300449371337891, 21.65508270263672, 17.329931259155273, 18.399477005004883, 79.16688919067383, 20.183563232421875, 32.60636329650879, 21.25096321105957, 13.250350952148438, 18.36419105529785, 10.38360595703125, 76.89023017883301, 8.916378021240234, 17.668485641479492, 26.495695114135742, 10.67042350769043, 7.622718811035156, 70.73521614074707, 6.753206253051758, 25.484800338745117, 6.834506988525391, 20.95937728881836, 10.280847549438477, 31.60691261291504, 71.13289833068848, 9.877443313598633, 17.859697341918945, 13.700008392333984, 20.908355712890625, 4.895687103271484, 16.508102416992188, 11.629819869995117, 64.18943405151367, 11.472940444946289, 22.374868392944336, 18.90277862548828, 12.20250129699707, 31.505107879638672, 68.63260269165039, 3.552675247192383, 23.784399032592773, 5.168437957763672, 26.31545066833496, 32.691240310668945, 65.47284126281738, 18.86463165283203, 