{"start": 1545698370.4276466, "timings": [16.940593719482422, 23.334026336669922, 58.41684341430664, 40.73214530944824, 50.4918098449707, 38.764238357543945, 31.479835510253906, 52.91604995727539, 57.85369873046875, 17.874717712402344, 56.77485466003418, 41.03684425354004, 35.47835350036621, 36.25893592834473, 27.48274803161621, 62.60251998901367, 38.1169319152832, 36.004066467285156, 50.16183853149414, 23.595094680786133, 59.69643592834473, 42.29092597961426, 36.652326583862305, 52.89602279663086, 52.042484283447266, 20.992040634155273, 52.72674560546875, 52.32524871826172, 26.31831169128418, 26.508569717407227, 37.66751289367676, 69.84162330627441, 40.96198081970215, 19.03057098388672, 75.85430145263672, 24.411916732788086, 40.082693099975586, 56.2896728515625, 51.78952217102051, 34.323692321777344, 40.41695594787598, 57.3117733001709, 18.436670303344727, 65.0324821472168, 43.46132278442383, 28.3811092376709, 65.00530242919922, 42.77825355529785, 37.33706474304199, 38.06614875793457, 34.244537353515625, 52.31976509094238, 41.79024696350098, 37.33229637145996, 36.608219146728516, 52.36101150512695, 54.08000946044922, 22.59349822998047, 55.39083480834961, 23.041963577270508, 49.45111274719238, 43.66779327392578, 48.79903793334961, 41.83197021484375, 39.083003997802734, 38.094282150268555, 33.96868705749512, 31.894683837890625, 43.469905853271484, 47.017812728881836, 34.80982780456543, 45.46070098876953, 53.17854881286621, 20.041227340698242, 32.10115432739258, 37.14466094970703, 56.26964569091797, 30.90047836303711, 27.987241744995117, 45.16148567199707, 40.89975357055664, 37.82248497009277, 56.35666847229004, 37.95504570007324, 23.50163459777832, 51.75328254699707, 42.151451110839844, 24.559736251831055, 49.596309661865234, 38.433074951171875, 52.069664001464844, 37.45865821838379, 55.6178092956543, 22.815704345703125, 46.79703712463379, 36.58342361450195, 61.82551383972168, 36.24725341796875, 52.40440368652344, 44.43192481994629, 18.761873245239258, 44.770002365112305, 60.936927795410156, 35.73918342590332, 29.799699783325195, 71.58589363098145, 28.60283851623535, 47.087669372558594, 46.5848445892334, 42.82379150390625, 30.27796745300293, 69.86570358276367, 38.50388526916504, 32.755374908447266, 54.66294288635254, 34.78741645812988, 39.79349136352539, 26.38864517211914, 66.40315055847168, 22.638559341430664, 53.173065185546875, 60.187578201293945, 34.18087959289551, 23.746728897094727, 67.7189826965332, 25.85315704345703, 54.88157272338867, 23.736238479614258, 77.36372947692871, 23.069143295288086, 37.9338264465332, 69.62823867797852, 19.63043212890625, 53.42674255371094, 57.830095291137695, 31.969785690307617, 28.9304256439209, 73.49920272827148, 22.76897430419922, 32.81593322753906, 69.72241401672363, 25.696277618408203, 53.79819869995117, 27.226924896240234, 48.17080497741699, 33.367156982421875, 66.7719841003418, 22.45783805847168, 32.178640365600586, 52.7193546295166, 39.96014595031738, 57.364702224731445, 36.14473342895508, 44.301748275756836, 51.100730895996094, 19.463062286376953, 51.64670944213867, 51.629066467285156, 38.834571838378906, 20.336627960205078, 63.53282928466797, 16.62421226501465, 39.00313377380371, 43.0912971496582, 43.34759712219238, 40.68756103515625, 57.20376968383789, 23.032188415527344, 43.2586669921875, 60.318708419799805, 29.73198890686035, 44.15440559387207, 54.54373359680176, 37.62245178222656, 18.55611801147461, 63.59982490539551, 38.246870040893555, 36.416053771972656, 17.86518096923828, 64.6355152130127, 20.0653076171875, 57.37900733947754, 56.87594413757324, 41.07069969177246, 43.015480041503906, 34.73067283630371, 31.7533016204834, 47.42288589477539, 21.64435386657715, 55.16219139099121, 32.028913497924805, 39.64495658874512, 51.50771141052246, 36.917924880981445, 27.817964553833008, 59.00216102600098, 24.454593658447266, 54.688453674316406, 53.340911865234375, 33.972978591918945, 20.772933959960938, 68.10283660888672, 31.555652618408203, 35.102128982543945, 25.324344635009766, 67.72947311401367, 37.28628158569336, 17.297983169555664, 73.33064079284668, 41.91279411315918, 42.3738956451416, 34.173011779785156, 40.32278060913086, 45.398712158203125, 50.1704216003418, 44.678688049316406, 30.719757080078125, 69.00811195373535, 26.784181594848633, 49.23272132873535, 19.789934158325195, 47.720909118652344, 37.661075592041016, 55.18937110900879, 41.4884090423584, 49.936532974243164, 22.69291877746582, 61.29932403564453, 49.898386001586914, 18.746614456176758, 69.18740272521973, 46.36979103088379, 41.734933853149414, 53.49278450012207, 22.687911987304688, 49.38054084777832, 20.33829689025879, 67.46459007263184, 43.81561279296875, 18.85223388671875, 46.51975631713867, 57.6024055480957, 32.10043907165527, 59.046268463134766, 21.83699607849121, 50.95529556274414, 47.48368263244629, 21.175622940063477, 48.57206344604492, 56.80441856384277, 30.25364875793457, 36.89146041870117, 22.73726463317871, 67.3072338104248, 41.63837432861328, 39.76154327392578, 56.48922920227051, 37.74452209472656, 36.65733337402344, 36.0562801361084, 51.489830017089844, 41.20659828186035, 50.94623565673828, 23.217439651489258, 50.62508583068848, 45.4409122467041, 27.279138565063477, 48.95281791687012, 41.474342346191406, 37.696123123168945, 37.644386291503906, 45.49908638000488, 43.227434158325195, 43.22075843811035, 48.97785186767578, 35.83168983459473, 31.518936157226562, 49.04532432556152, 51.68557167053223, 32.25302696228027, 41.68415069580078, 52.92773246765137, 33.18166732788086, 45.79663276672363, 26.93796157836914, 53.66945266723633, 37.40215301513672, 51.8190860748291, 61.888933181762695, 31.761884689331055, 46.875715255737305, 54.55756187438965, 39.43324089050293, 18.56851577758789, 62.749624252319336, 31.60548210144043, 54.900407791137695, 22.42565155029297, 62.522172927856445, 36.490440368652344, 51.908016204833984, 54.099321365356445, 43.78771781921387, 38.24734687805176, 53.29298973083496, 30.19547462463379, 28.496265411376953, 32.318115234375, 60.98747253417969, 27.69327163696289, 41.02277755737305, 65.00387191772461, 35.9189510345459, 45.41325569152832, 34.1944694519043, 56.255340576171875, 24.315834045410156, 64.91470336914062, 21.45099639892578, 36.38052940368652, 68.12477111816406, 42.78159141540527, 34.570932388305664, 43.75147819519043, 32.91177749633789, 42.17791557312012, 47.17898368835449, 38.5286808013916, 35.41374206542969, 40.0090217590332, 50.75263977050781, 17.527103424072266, 56.209564208984375, 37.75835037231445, 47.56903648376465, 41.298627853393555, 61.502933502197266, 21.286964416503906, 55.245399475097656, 44.94738578796387, 43.03622245788574, 41.88084602355957, 53.0400276184082, 25.7875919342041, 43.30015182495117, 41.673898696899414, 51.13720893859863, 44.677734375, 44.94786262512207, 38.94448280334473, 42.32358932495117, 31.424283981323242, 61.7828369140625, 27.676820755004883, 51.256656646728516, 42.25897789001465, 24.494409561157227, 48.45690727233887, 52.29783058166504, 18.087387084960938, 53.22074890136719, 19.635915756225586, 57.59406089782715, 44.306278228759766, 28.179645538330078, 51.76281929016113, 54.15487289428711, 34.64794158935547, 45.90177536010742, 51.291704177856445, 22.394418716430664, 59.038400650024414, 22.370576858520508, 54.93474006652832, 30.048131942749023, 64.92280960083008, 36.394357681274414, 19.474267959594727, 66.1001205444336, 38.2077693939209, 36.99541091918945, 52.1087646484375, 25.547027587890625, 50.69327354431152, 54.409027099609375, 24.367570877075195, 35.958051681518555, 53.99894714355469, 45.00555992126465, 34.84630584716797, 32.98163414001465, 56.403160095214844, 33.773183822631836, 33.75840187072754, 46.41437530517578, 47.52039909362793, 18.520116806030273, 50.97055435180664, 36.64827346801758, 51.46193504333496, 18.929243087768555, 69.32234764099121, 23.614168167114258, 51.07712745666504, 32.28640556335449, 43.59722137451172, 31.934022903442383, 60.906171798706055, 37.107229232788086, 27.948856353759766, 64.15534019470215, 21.65961265563965, 34.5911979675293, 