{"start": 1546928664.0965111, "timings": [46.90408706665039, 50.71854591369629, 4.667043685913086, 3.8650035858154297, 10.80322265625, 68.9399242401123, 178.51662635803223, 6.302118301391602, 4.377603530883789, 4.294633865356445, 4.46319580078125, 3.854036331176758, 4.012584686279297, 4.50587272644043, 4.111051559448242, 4.956960678100586, 4.330158233642578, 4.299640655517578, 4.241466522216797, 4.2514801025390625, 4.073381423950195, 9.936094284057617, 4.880428314208984, 4.39143180847168, 4.45866584777832, 4.536151885986328, 5.099773406982422, 4.329204559326172, 4.33349609375, 4.589557647705078, 4.655361175537109, 4.425525665283203, 4.822492599487305, 4.317283630371094, 4.363775253295898, 4.598855972290039, 4.772424697875977, 4.512548446655273, 4.482507705688477, 4.450798034667969, 4.891157150268555, 4.48918342590332, 4.292726516723633, 4.3582916259765625, 4.642724990844727, 4.068851470947266, 4.096031188964844, 12.126922607421875, 6.279945373535156, 4.878520965576172, 4.668235778808594, 4.108905792236328, 4.297018051147461, 4.010200500488281, 18.840551376342773, 4.28318977355957, 4.375934600830078, 4.588127136230469, 4.382133483886719, 4.055500030517578, 9.076595306396484, 4.431486129760742, 5.469322204589844, 4.000663757324219, 4.114389419555664, 4.296779632568359, 12.228012084960938, 4.194736480712891, 4.490852355957031, 3.9701461791992188, 4.221439361572266, 4.00853157043457, 7.487297058105469, 3.9162635803222656, 4.2858123779296875, 4.0531158447265625, 4.47535514831543, 4.124879837036133, 4.721879959106445, 4.132509231567383, 4.323005676269531, 3.900289535522461, 4.312276840209961, 3.8301944732666016, 4.121303558349609, 4.326820373535156, 4.321813583374023, 4.199743270874023, 4.084348678588867, 4.168510437011719, 4.262685775756836, 4.269838333129883, 4.5375823974609375, 3.9801597595214844, 4.023313522338867, 6.735324859619141, 4.274606704711914, 3.6211013793945312, 3.9319992065429688, 3.736734390258789, 4.009723663330078, 3.9052963256835938, 6.407260894775391, 6.117820739746094, 3.803730010986328, 3.8444995880126953, 3.79180908203125, 3.8902759552001953, 3.7393569946289062, 4.916191101074219, 11.887788772583008, 3.702878952026367, 4.578590393066406, 3.7407875061035156, 3.908395767211914, 3.8404464721679688, 12.247562408447266, 3.8492679595947266, 3.836393356323242, 4.061460494995117, 3.864288330078125, 3.641843795776367, 4.041910171508789, 3.6711692810058594, 3.674030303955078, 3.6602020263671875, 3.9021968841552734, 3.7260055541992188, 3.8673877716064453, 3.6344528198242188, 4.097700119018555, 3.6721229553222656, 3.8678646087646484, 3.889322280883789, 14.256954193115234, 3.9510726928710938, 3.94439697265625, 3.8957595825195312, 4.642724990844727, 4.126548767089844, 6.139993667602539, 3.6017894744873047, 3.8836002349853516, 3.8225650787353516, 4.005908966064453, 3.8204193115234375, 4.043817520141602, 3.6497116088867188, 4.168272018432617, 3.719329833984375, 3.7622451782226562, 11.51275634765625, 3.9224624633789062, 3.996610641479492, 3.8166046142578125, 4.181146621704102, 3.8080215454101562, 3.9567947387695312, 4.034280776977539, 4.026651382446289, 4.513025283813477, 3.969907760620117, 9.9945068359375, 4.031181335449219, 3.835439682006836, 3.6666393280029297, 3.8132667541503906, 4.219293594360352, 4.815101623535156, 4.0493011474609375, 4.086732864379883, 3.823995590209961, 3.816843032836914, 3.668069839477539, 6.980419158935547, 3.875732421875, 4.287004470825195, 3.802061080932617, 3.8917064666748047, 3.8406848907470703, 4.415035247802734, 3.8022994995117188, 4.874229431152344, 3.859281539916992, 3.96728515625, 3.658294677734375, 4.060029983520508, 3.7648677825927734, 6.969451904296875, 3.843069076538086, 10.953187942504883, 3.8793087005615234, 3.7689208984375, 3.6077499389648438, 3.9458274841308594, 3.7326812744140625, 3.726959228515625, 3.8213729858398438, 3.8993358612060547, 3.6284923553466797, 3.742694854736328, 6.179571151733398, 3.8890838623046875, 11.168479919433594, 4.014492034912109, 11.981010437011719, 19.3936824798584, 3.9513111114501953, 4.00853157043457, 3.610849380493164, 3.9260387420654297, 3.6246776580810547, 3.925800323486328, 3.8106441497802734, 3.8192272186279297, 3.7326812744140625, 3.8208961486816406, 3.6613941192626953, 3.823518753051758, 4.283666610717773, 4.027605056762695, 3.5223960876464844, 7.907867431640625, 3.699064254760742, 3.9315223693847656, 3.86810302734375, 3.8323402404785156, 8.728504180908203, 3.8454532623291016, 3.5779476165771484, 3.8216114044189453, 3.6373138427734375, 3.9412975311279297, 4.252433776855469, 4.099845886230469, 3.812074661254883, 3.885030746459961, 3.973245620727539, 3.9548873901367188, 3.6573410034179688, 4.00853157043457, 3.5619735717773438, 4.25410270690918, 3.8809776306152344, 3.7674903869628906, 4.357337951660156, 4.168510437011719, 3.8955211639404297, 3.974437713623047, 3.965616226196289, 3.7581920623779297, 4.100322723388672, 4.490137100219727, 3.6382675170898438, 3.7288665771484375, 3.635883331298828, 4.111289978027344, 3.8046836853027344, 3.7980079650878906, 3.5576820373535156, 3.726959228515625, 3.737926483154297, 3.9179325103759766, 3.5996437072753906, 3.83758544921875, 3.7338733673095703, 3.8957595825195312, 3.635883331298828, 3.7615299224853516, 3.6215782165527344, 3.818035125732422, 3.626108169555664, 4.010200500488281, 3.831148147583008, 3.8585662841796875, 3.727436065673828, 3.931760787963867, 3.8247108459472656, 3.8831233978271484, 5.983114242553711, 3.726482391357422, 3.8483142852783203, 3.9017200469970703, 4.530191421508789, 3.7899017333984375, 3.6737918853759766, 11.614799499511719, 3.7963390350341797, 3.8683414459228516, 3.622293472290039, 3.9491653442382812, 3.638029098510742, 3.80706787109375, 3.6919116973876953, 3.780364990234375, 3.6225318908691406, 3.937959671020508, 3.650665283203125, 3.8328170776367188, 4.118442535400391, 3.865480422973633, 3.6644935607910156, 3.8328170776367188, 3.5915374755859375, 4.120349884033203, 4.467964172363281, 3.7093162536621094, 3.5507678985595703, 9.825468063354492, 3.723621368408203, 3.9184093475341797, 3.932952880859375, 4.228115081787109, 3.8590431213378906, 3.8809776306152344, 3.6361217498779297, 3.709554672241211, 3.721475601196289, 4.193305969238281, 4.126787185668945, 3.9467811584472656, 3.83758544921875, 3.942728042602539, 4.055023193359375, 4.556417465209961, 4.058361053466797, 3.9141178131103516, 3.568887710571289, 4.077672958374023, 3.6847591400146484, 4.110574722290039, 3.765106201171875, 3.810405731201172, 3.7469863891601562, 4.207611083984375, 3.886699676513672, 4.044771194458008, 3.8673877716064453, 4.303216934204102, 3.715991973876953, 3.7403106689453125, 3.7355422973632812, 4.185199737548828, 3.6079883575439453, 3.9834976196289062, 3.6025047302246094, 5.133152008056641, 3.9038658142089844, 4.630804061889648, 5.021572113037109, 4.712820053100586, 3.690481185913086, 4.266262054443359, 5.070686340332031, 4.19306755065918, 3.6840438842773438, 3.8290023803710938, 4.060029983520508, 3.9725303649902344, 3.838062286376953, 3.7436485290527344, 3.911733627319336, 3.8979053497314453, 4.177093505859375, 5.534887313842773, 3.825664520263672, 3.798961639404297, 3.7641525268554688, 3.913402557373047, 3.6094188690185547, 3.7293434143066406, 3.657817840576172, 4.099607467651367, 4.08935546875, 4.080533981323242, 3.9055347442626953, 4.073619842529297, 3.6172866821289062, 4.141807556152344, 4.696846008300781, 4.421472549438477, 4.160404205322266, 4.499912261962891, 3.927469253540039, 3.8466453552246094, 3.6377906799316406, 3.864765167236328, 4.01616096496582, 4.177570343017578, 4.290103912353516, 3.8466453552246094, 3.742694854736328, 3.853321075439453, 3.596067428588867, 18.94855499267578, 4.143476486206055, 4.33039665222168, 4.292726516723633, 4.3163299560546875, 4.069089889526367, 4.211902618408203, 3.8001537322998047, 4.174470901489258, 4.332304000854492, 4.513740539550781, 4.073619842529297, 5.642175674438477, 4.317045211791992, 4.042625427246094, 4.617929458618164, 4.976511001586914, 4.626035690307617, 4.029512405395508, 