{"start": 1545698369.29362, "timings": [0.6105899810791016, 7.830619812011719, 11.559009552001953, 1.071929931640625, 1.0116100311279297, 0.86212158203125, 1.0271072387695312, 0.9281635284423828, 1.4183521270751953, 1.3856887817382812, 2.28118896484375, 1.2316703796386719, 1.0623931884765625, 0.9822845458984375, 0.9589195251464844, 1.0428428649902344, 0.9236335754394531, 0.9541511535644531, 1.0516643524169922, 0.8420944213867188, 0.7939338684082031, 0.7963180541992188, 0.8254051208496094, 0.8027553558349609, 0.8232593536376953, 0.7877349853515625, 0.8103847503662109, 0.8037090301513672, 0.8032321929931641, 1.3248920440673828, 1.3306140899658203, 1.2726783752441406, 1.0666847229003906, 0.9484291076660156, 1.462697982788086, 1.0378360748291016, 10.875225067138672, 0.9641647338867188, 1.1467933654785156, 0.8556842803955078, 0.8714199066162109, 0.8082389831542969, 0.9076595306396484, 0.8330345153808594, 0.8800029754638672, 1.2440681457519531, 1.954793930053711, 2.324819564819336, 1.3704299926757812, 1.2438297271728516, 1.2726783752441406, 1.3206005096435547, 0.8897781372070312, 0.8292198181152344, 0.8709430694580078, 0.8211135864257812, 0.8294582366943359, 0.8378028869628906, 0.8232593536376953, 0.8099079132080078, 0.8738040924072266, 0.8091926574707031, 0.8709430694580078, 0.9400844573974609, 0.9119510650634766, 0.8864402770996094, 1.2586116790771484, 0.8943080902099609, 1.2507438659667969, 1.3909339904785156, 0.8301734924316406, 0.8056163787841797, 0.8440017700195312, 0.8096694946289062, 0.7977485656738281, 0.8041858673095703, 0.812530517578125, 0.8146762847900391, 0.8876323699951172, 0.8099079132080078, 0.7843971252441406, 0.79345703125, 0.8451938629150391, 0.7965564727783203, 0.9121894836425781, 0.8699893951416016, 0.8618831634521484, 0.8304119110107422, 1.0411739349365234, 0.9438991546630859, 0.9486675262451172, 1.332998275756836, 1.0232925415039062, 1.1093616485595703, 0.9524822235107422, 0.9968280792236328, 1.4443397521972656, 1.3194084167480469, 1.3248920440673828, 1.3434886932373047, 1.3451576232910156, 1.230001449584961, 1.455068588256836, 10.885477066040039, 1.4536380767822266, 1.2123584747314453, 1.1987686157226562, 1.19781494140625, 0.9989738464355469, 0.9279251098632812, 0.8099079132080078, 0.7708072662353516, 0.8111000061035156, 0.81634521484375, 0.8449554443359375, 0.8301734924316406, 0.8091926574707031, 0.8156299591064453, 0.8132457733154297, 0.8440017700195312, 0.8041858673095703, 0.8625984191894531, 0.8559226989746094, 0.9858608245849609, 1.0101795196533203, 1.3720989227294922, 0.9775161743164062, 0.8971691131591797, 0.8924007415771484, 0.7865428924560547, 0.7853507995605469, 0.766754150390625, 0.8847713470458984, 0.7991790771484375, 0.7801055908203125, 0.84686279296875, 0.8242130279541016, 0.8127689361572266, 0.7731914520263672, 0.8075237274169922, 0.8070468902587891, 0.7939338684082031, 0.7946491241455078, 0.7755756378173828, 0.8256435394287109, 0.9279251098632812, 0.9484291076660156, 1.2753009796142578, 0.9758472442626953, 0.8623600006103516, 0.8485317230224609, 0.8330345153808594, 1.2021064758300781, 1.21307373046875, 1.2204647064208984, 1.1975765228271484, 1.2722015380859375, 1.211404800415039, 1.2009143829345703, 1.1920928955078125, 1.2049674987792969, 1.2526512145996094, 1.211404800415039, 1.4727115631103516, 1.5227794647216797, 1.283884048461914, 1.2502670288085938, 1.2097358703613281, 1.1608600616455078, 10.40029525756836, 1.3477802276611328, 1.4231204986572266, 1.1875629425048828, 0.8730888366699219, 1.0249614715576172, 0.9629726409912109, 0.8995532989501953, 0.7886886596679688, 0.8020401000976562, 0.7839202880859375, 0.8511543273925781, 0.8444786071777344, 0.7557868957519531, 0.7700920104980469, 0.8053779602050781, 0.7572174072265625, 0.7562637329101562, 0.843048095703125, 0.7681846618652344, 0.7636547088623047, 0.8347034454345703, 0.9970664978027344, 0.8959770202636719, 1.4488697052001953, 0.9462833404541016, 0.8809566497802734, 0.881195068359375, 0.7894039154052734, 0.7824897766113281, 0.9472370147705078, 0.7863044738769531, 0.7977485656738281, 0.7951259613037109, 0.8082389831542969, 0.8137226104736328, 0.8537769317626953, 0.8299350738525391, 0.7839202880859375, 0.8180141448974609, 0.8594989776611328, 0.8080005645751953, 0.9083747863769531, 0.9591579437255859, 0.8637905120849609, 0.8800029754638672, 1.22833251953125, 0.9450912475585938, 0.9133815765380859, 0.92315673828125, 0.8420944213867188, 0.8783340454101562, 0.84686279296875, 0.8141994476318359, 0.8969306945800781, 0.8182525634765625, 0.8699893951416016, 0.8597373962402344, 1.0519027709960938, 0.8058547973632812, 0.8783340454101562, 0.9441375732421875, 0.8153915405273438, 0.8056163787841797, 0.81634521484375, 0.8168220520019531, 1.0900497436523438, 8.10861587524414, 0.8645057678222656, 0.9236335754394531, 0.888824462890625, 0.9033679962158203, 0.8032321929931641, 0.8387565612792969, 0.7865428924560547, 0.8082389831542969, 0.827789306640625, 0.8363723754882812, 0.8463859558105469, 0.8635520935058594, 0.8089542388916016, 0.8058547973632812, 1.1739730834960938, 0.9052753448486328, 1.5749931335449219, 1.005411148071289, 0.8351802825927734, 0.8409023284912109, 0.8213520050048828, 0.8406639099121094, 0.8118152618408203, 0.8151531219482422, 0.8013248443603516, 0.75531005859375, 0.8032321929931641, 0.7884502410888672, 0.7970333099365234, 0.7998943328857422, 0.7970333099365234, 0.8013248443603516, 0.8108615875244141, 0.8921623229980469, 0.8592605590820312, 0.8409023284912109, 0.9641647338867188, 1.138925552368164, 1.2328624725341797, 1.186370849609375, 1.6646385192871094, 1.2054443359375, 0.8697509765625, 0.8366107940673828, 0.8327960968017578, 0.8511543273925781, 0.8144378662109375, 0.8511543273925781, 0.8132457733154297, 0.8091926574707031, 0.7970333099365234, 0.8399486541748047, 0.8170604705810547, 0.8256435394287109, 0.8227825164794922, 0.8218288421630859, 0.8420944213867188, 0.8971691131591797, 1.2602806091308594, 2.1376609802246094, 1.3697147369384766, 1.2347698211669922, 1.02996826171875, 0.8249282836914062, 0.8420944213867188, 8.115053176879883, 0.9138584136962891, 0.8783340454101562, 0.9012222290039062, 0.8599758148193359, 0.8771419525146484, 0.9365081787109375, 1.2693405151367188, 1.0724067687988281, 0.995635986328125, 0.8721351623535156, 1.2218952178955078, 1.3484954833984375, 1.2369155883789062, 1.291036605834961, 1.2307167053222656, 1.2481212615966797, 1.3594627380371094, 0.9844303131103516, 0.7903575897216797, 0.7772445678710938, 0.7674694061279297, 0.8347034454345703, 0.8561611175537109, 0.8800029754638672, 0.7796287536621094, 0.8199214935302734, 1.1091232299804688, 1.7750263214111328, 1.0652542114257812, 1.0273456573486328, 0.8380413055419922, 0.8339881896972656, 0.8194446563720703, 0.8060932159423828, 0.7913112640380859, 0.8513927459716797, 0.7653236389160156, 0.7724761962890625, 0.7789134979248047, 0.8063316345214844, 0.7984638214111328, 0.8673667907714844, 0.8063316345214844, 0.8313655853271484, 0.8018016815185547, 0.7507801055908203, 0.7939338684082031, 0.9779930114746094, 0.9658336639404297, 2.038240432739258, 1.4851093292236328, 0.9512901306152344, 0.8656978607177734, 0.8988380432128906, 0.782012939453125, 0.8206367492675781, 0.789642333984375, 0.7965564727783203, 0.782012939453125, 0.858306884765625, 0.7822513580322266, 0.8091926574707031, 0.8459091186523438, 0.7796287536621094, 0.7746219635009766, 0.8602142333984375, 9.578943252563477, 0.8265972137451172, 0.7865428924560547, 0.8034706115722656, 0.8168220520019531, 0.8203983306884766, 0.8647441864013672, 0.7841587066650391, 0.7874965667724609, 0.789642333984375, 0.7755756378173828, 0.8153915405273438, 0.8711814880371094, 0.8645057678222656, 1.2278556823730469, 0.8223056793212891, 0.9894371032714844, 1.1260509490966797, 0.8988380432128906, 0.9932518005371094, 0.8080005645751953, 0.8211135864257812, 0.7793903350830078, 0.8251667022705078, 0.8080005645751953, 0.7841587066650391, 0.7901191711425781, 0.8072853088378906, 0.7920265197753906, 0.8962154388427734, 1.287221908569336, 0.9505748748779297, 