{"start": 1546289901.8432014, "timings": [1.050710678100586, 2.92205810546875, 1.188039779663086, 1.0259151458740234, 0.8654594421386719, 0.8053779602050781, 0.7872581481933594, 0.7543563842773438, 0.823974609375, 0.7598400115966797, 0.7915496826171875, 0.8285045623779297, 0.8227825164794922, 0.8175373077392578, 0.7998943328857422, 0.7588863372802734, 0.7777214050292969, 0.7719993591308594, 0.7920265197753906, 0.8068084716796875, 0.7774829864501953, 0.8380413055419922, 0.8294582366943359, 0.7989406585693359, 0.7834434509277344, 0.7834434509277344, 0.8325576782226562, 0.8230209350585938, 0.8172988891601562, 0.7865428924560547, 0.7939338684082031, 0.8273124694824219, 0.8175373077392578, 0.8594989776611328, 0.7872581481933594, 0.7803440093994141, 0.8113384246826172, 0.77056884765625, 0.7817745208740234, 0.7712841033935547, 0.7784366607666016, 0.8029937744140625, 0.7688999176025391, 0.7998943328857422, 0.7665157318115234, 0.7593631744384766, 0.835418701171875, 0.8282661437988281, 0.8158683776855469, 0.8130073547363281, 0.7960796356201172, 0.8416175842285156, 0.80108642578125, 0.8115768432617188, 0.820159912109375, 0.7874965667724609, 0.7688999176025391, 0.7894039154052734, 0.7686614990234375, 0.7627010345458984, 0.7817745208740234, 0.8144378662109375, 0.7801055908203125, 0.7987022399902344, 0.7853507995605469, 0.7998943328857422, 0.8087158203125, 0.812530517578125, 0.8170604705810547, 0.7829666137695312, 0.7853507995605469, 0.7710456848144531, 0.7975101470947266, 0.8053779602050781, 0.7770061492919922, 0.7946491241455078, 0.8018016815185547, 0.7600784301757812, 0.7584095001220703, 0.7636547088623047, 0.75531005859375, 0.8072853088378906, 0.81634521484375, 0.8111000061035156, 0.7758140563964844, 0.7882118225097656, 0.8182525634765625, 0.8056163787841797, 0.8037090301513672, 0.7865428924560547, 0.7977485656738281, 0.8199214935302734, 0.8075237274169922, 0.8230209350585938, 0.7801055908203125, 0.8094310760498047, 0.8332729339599609, 0.8087158203125, 0.8051395416259766, 0.8065700531005859, 0.8096694946289062, 0.8168220520019531, 0.8056163787841797, 0.8001327514648438, 0.8070468902587891, 0.8111000061035156, 0.8203983306884766, 0.8368492126464844, 0.8130073547363281, 0.8144378662109375, 0.8087158203125, 0.8428096771240234, 0.8389949798583984, 0.8075237274169922, 0.8101463317871094, 0.8428096771240234, 0.8950233459472656, 0.8454322814941406, 0.8289813995361328, 0.7581710815429688, 0.7765293121337891, 0.7915496826171875, 0.8106231689453125, 0.911712646484375, 0.8032321929931641, 0.8001327514648438, 0.8835792541503906, 0.7793903350830078, 0.8504390716552734, 0.7529258728027344, 0.7603168487548828, 0.7452964782714844, 0.7271766662597656, 0.8618831634521484, 0.7467269897460938, 0.7605552673339844, 0.7560253143310547, 0.8270740509033203, 0.9324550628662109, 0.8230209350585938, 0.9098052978515625, 0.8556842803955078, 0.8182525634765625, 0.865936279296875, 0.7452964782714844, 0.8006095886230469, 0.8511543273925781, 0.7648468017578125, 0.7600784301757812, 0.7500648498535156, 0.7979869842529297, 0.8039474487304688, 0.7901191711425781, 0.8218288421630859, 0.8728504180908203, 0.7712841033935547, 0.8187294006347656, 0.8630752563476562, 0.8575916290283203, 0.8361339569091797, 0.7870197296142578, 0.7536411285400391, 0.7996559143066406, 0.7376670837402344, 0.7474422454833984, 0.7836818695068359, 0.7982254028320312, 0.8347034454345703, 0.7610321044921875, 0.7343292236328125, 0.7925033569335938, 0.7765293121337891, 0.8521080017089844, 0.7643699645996094, 0.7526874542236328, 0.7581710815429688, 0.7455348968505859, 0.8265972137451172, 0.7579326629638672, 0.7841587066650391, 0.7998943328857422, 0.7967948913574219, 0.8525848388671875, 0.8707046508789062, 0.7970333099365234, 0.8096694946289062, 0.7908344268798828, 0.7333755493164062, 0.7302761077880859, 0.6990432739257812, 0.7426738739013672, 0.774383544921875, 0.7588863372802734, 0.7641315460205078, 0.7078647613525391, 0.7355213165283203, 0.7050037384033203, 0.7271766662597656, 0.7314682006835938, 0.713348388671875, 0.7734298706054688, 0.7269382476806641, 0.7901191711425781, 0.7531642913818359, 0.7040500640869141, 0.7383823394775391, 0.7266998291015625, 0.736236572265625, 0.7455348968505859, 0.7123947143554688, 0.7276535034179688, 0.7066726684570312, 0.7028579711914062, 0.8578300476074219, 0.7162094116210938, 0.7188320159912109, 0.705718994140625, 0.7150173187255859, 0.7574558258056641, 0.7181167602539062, 0.7219314575195312, 0.6895065307617188, 0.7157325744628906, 0.7240772247314453, 0.7028579711914062, 0.7750988006591797, 0.7474422454833984, 0.7560253143310547, 0.7741451263427734, 0.8223056793212891, 0.8363723754882812, 0.7719993591308594, 0.7638931274414062, 0.7686614990234375, 0.8556842803955078, 0.8275508880615234, 0.7541179656982422, 0.7672309875488281, 0.7300376892089844, 0.7464885711669922, 0.9007453918457031, 0.7839202880859375, 0.7426738739013672, 0.7586479187011719, 0.8172988891601562, 0.8165836334228516, 0.7317066192626953, 0.7207393646240234, 0.7123947143554688, 0.6861686706542969, 0.7441043853759766, 0.7164478302001953, 0.7190704345703125, 0.7200241088867188, 0.6911754608154297, 0.7884502410888672, 0.7112026214599609, 0.7104873657226562, 0.7140636444091797, 0.6918907165527344, 0.736236572265625, 0.7138252258300781, 0.7240772247314453, 0.7297992706298828, 0.6988048553466797, 0.7214546203613281, 0.7157325744628906, 0.7169246673583984, 0.8642673492431641, 0.7045269012451172, 0.7174015045166016, 0.7185935974121094, 0.7119178771972656, 0.8654594421386719, 0.7319450378417969, 0.7200241088867188, 0.7531642913818359, 0.7867813110351562, 0.7913112640380859, 0.7181167602539062, 0.7171630859375, 0.7221698760986328, 0.7109642028808594, 0.7295608520507812, 0.7054805755615234, 0.7114410400390625, 0.7233619689941406, 0.7350444793701172, 0.8161067962646484, 0.7033348083496094, 0.6842613220214844, 0.6921291351318359, 0.6871223449707031, 0.7061958312988281, 0.7004737854003906, 0.6864070892333984, 0.6911754608154297, 0.6837844848632812, 0.6983280181884766, 0.8637905120849609, 0.7920265197753906, 0.77056884765625, 0.7104873657226562, 0.7548332214355469, 0.8370876312255859, 0.8132457733154297, 0.7398128509521484, 0.732421875, 0.7526874542236328, 0.7612705230712891, 0.7605552673339844, 0.7054805755615234, 0.6785392761230469, 0.7288455963134766, 0.7193088531494141, 0.7414817810058594, 0.7431507110595703, 0.7259845733642578, 0.7498264312744141, 0.736236572265625, 0.7524490356445312, 0.7631778717041016, 0.7371902465820312, 0.7131099700927734, 0.7562637329101562, 0.7228851318359375, 0.7932186126708984, 0.7588863372802734, 0.7793903350830078, 0.7221698760986328, 0.7436275482177734, 0.8006095886230469, 0.7462501525878906, 0.7929801940917969, 0.7500648498535156, 0.7283687591552734, 0.7305145263671875, 0.7207393646240234, 0.7102489471435547, 0.7338523864746094, 0.690460205078125, 0.7007122039794922, 0.7548332214355469, 0.7388591766357422, 0.7684230804443359, 0.7417201995849609, 0.7197856903076172, 0.7517337799072266, 0.6985664367675781, 0.7641315460205078, 0.6842613220214844, 0.7419586181640625, 0.7174015045166016, 0.7576942443847656, 0.7901191711425781, 0.7894039154052734, 0.6823539733886719, 0.7073879241943359, 0.7822513580322266, 0.7431507110595703, 0.7348060607910156, 0.7221698760986328, 0.7517337799072266, 0.7476806640625, 0.7078647613525391, 0.7109642028808594, 0.7119178771972656, 0.7145404815673828, 0.6997585296630859, 0.7345676422119141, 0.7376670837402344, 0.7085800170898438, 0.7104873657226562, 0.7221698760986328, 0.7011890411376953, 0.7481575012207031, 0.7448196411132812, 0.7221698760986328, 0.7290840148925781, 0.7040500640869141, 0.7169246673583984, 0.7648468017578125, 0.7655620574951172, 0.7467269897460938, 0.7681846618652344, 0.8099079132080078, 0.7679462432861328, 0.8013248443603516, 0.8666515350341797, 0.7500648498535156, 0.8060932159423828, 0.7774829864501953, 0.8351802825927734, 0.7922649383544922, 0.7419586181640625, 0.7824897766113281, 0.7719993591308594, 0.7762908935546875, 0.8318424224853516, 0.7843971252441406, 