{"start": 1546929299.6887958, "timings": [20.00141143798828, 32.34553337097168, 23.00286293029785, 29.16860580444336, 22.67599105834961, 23.21934700012207, 23.424148559570312, 22.9647159576416, 22.87006378173828, 23.744583129882812, 22.123098373413086, 22.373437881469727, 22.65620231628418, 23.895263671875, 24.491310119628906, 22.843360900878906, 24.264812469482422, 22.593975067138672, 22.928476333618164, 22.170066833496094, 24.458646774291992, 23.801565170288086, 25.523662567138672, 26.88765525817871, 37.581443786621094, 24.583101272583008, 25.88796615600586, 23.663043975830078, 23.463964462280273, 22.74775505065918, 24.305343627929688, 23.593902587890625, 25.159835815429688, 23.588180541992188, 25.09021759033203, 23.85687828063965, 23.712158203125, 24.167299270629883, 26.532411575317383, 24.022579193115234, 23.299694061279297, 29.340028762817383, 24.435997009277344, 23.645401000976562, 23.995637893676758, 23.539066314697266, 24.411916732788086, 38.6350154876709, 28.645038604736328, 24.016141891479492, 23.13232421875, 22.74465560913086, 23.38385581970215, 23.100614547729492, 23.50640296936035, 23.215532302856445, 25.31266212463379, 23.159027099609375, 22.93086051940918, 23.129940032958984, 23.35500717163086, 23.25725555419922, 22.795438766479492, 22.94468879699707, 23.93341064453125, 26.236295700073242, 24.428129196166992, 34.1031551361084, 23.449420928955078, 23.768901824951172, 24.2922306060791, 24.688005447387695, 25.257349014282227, 26.37934684753418, 29.34408187866211, 23.714065551757812, 24.1701602935791, 23.87094497680664, 28.58734130859375, 24.472475051879883, 31.122446060180664, 23.487091064453125, 23.50902557373047, 23.402690887451172, 27.43387222290039, 34.55305099487305, 24.267911911010742, 25.655269622802734, 23.094892501831055, 23.363351821899414, 31.859874725341797, 30.25078773498535, 31.98719024658203, 23.404836654663086, 23.502588272094727, 27.24623680114746, 32.15765953063965, 25.35271644592285, 25.282621383666992, 25.052785873413086, 23.647785186767578, 23.91839027404785, 24.019479751586914, 24.029254913330078, 24.707794189453125, 24.045228958129883, 24.3222713470459, 23.992538452148438, 25.092124938964844, 24.78766441345215, 25.183677673339844, 26.543378829956055, 25.002002716064453, 23.921489715576172, 38.96808624267578, 25.1467227935791, 31.80408477783203, 29.884815216064453, 29.267311096191406, 29.457569122314453, 24.87802505493164, 26.24797821044922, 28.72180938720703, 26.088714599609375, 29.912471771240234, 25.108814239501953, 24.864912033081055, 24.409055709838867, 26.397705078125, 24.38211441040039, 24.47199821472168, 24.633407592773438, 25.87103843688965, 33.04243087768555, 24.823427200317383, 27.97389030456543, 24.87325668334961, 25.176048278808594, 25.134563446044922, 25.15864372253418, 25.523900985717773, 24.46722984313965, 25.95996856689453, 25.00629425048828, 25.104999542236328, 25.77948570251465, 25.82073211669922, 26.348352432250977, 24.904727935791016, 26.353120803833008, 25.403976440429688, 33.78009796142578, 28.363704681396484, 32.3328971862793, 36.902427673339844, 35.887718200683594, 26.790618896484375, 25.53248405456543, 26.44824981689453, 27.440309524536133, 25.933504104614258, 26.492595672607422, 26.53193473815918, 26.782512664794922, 26.5047550201416, 26.881694793701172, 32.53293037414551, 26.189088821411133, 26.109933853149414, 35.67194938659668, 26.799678802490234, 27.21571922302246, 27.497529983520508, 26.669025421142578, 26.9315242767334, 26.64637565612793, 30.774593353271484, 26.18122100830078, 26.502370834350586, 27.19712257385254, 39.331674575805664, 38.253068923950195, 41.081905364990234, 27.449607849121094, 31.823158264160156, 32.12857246398926, 29.848575592041016, 27.520418167114258, 26.73792839050293, 35.94231605529785, 28.887510299682617, 34.68060493469238, 38.31362724304199, 42.611122131347656, 37.43338584899902, 38.03682327270508, 26.819229125976562, 27.379751205444336, 29.780149459838867, 27.104854583740234, 28.57208251953125, 35.69388389587402, 27.52828598022461, 27.665376663208008, 28.029918670654297, 28.058528900146484, 27.437925338745117, 28.15723419189453, 27.096986770629883, 28.211116790771484, 29.15215492248535, 27.36973762512207, 29.326438903808594, 29.22654151916504, 27.924060821533203, 27.7559757232666, 28.00583839416504, 44.051170349121094, 28.822660446166992, 28.450965881347656, 28.77497673034668, 30.193328857421875, 28.026103973388672, 28.82862091064453, 34.22427177429199, 40.771484375, 27.914762496948242, 30.642986297607422, 30.163288116455078, 33.72025489807129, 29.00838851928711, 31.835317611694336, 28.315305709838867, 28.97787094116211, 28.51581573486328, 28.642892837524414, 28.725624084472656, 27.89449691772461, 31.10361099243164, 31.97312355041504, 31.472206115722656, 28.83124351501465, 28.93209457397461, 28.812408447265625, 28.809309005737305, 28.48529815673828, 35.85481643676758, 29.023408889770508, 30.082225799560547, 29.196739196777344, 29.277324676513672, 29.78992462158203, 28.704404830932617, 30.009984970092773, 33.53738784790039, 32.35650062561035, 35.52842140197754, 29.935359954833984, 29.241085052490234, 29.502153396606445, 29.84476089477539, 28.179407119750977, 30.64250946044922, 33.902645111083984, 28.45168113708496, 30.241966247558594, 29.721498489379883, 29.756546020507812, 30.083417892456055, 28.792619705200195, 29.608726501464844, 30.277013778686523, 29.212236404418945, 29.78682518005371, 36.02290153503418, 30.338048934936523, 29.90579605102539, 29.27851676940918, 29.987812042236328, 42.92941093444824, 30.53426742553711, 32.34076499938965, 30.58171272277832, 29.787302017211914, 34.90471839904785, 39.84832763671875, 40.52567481994629, 39.57772254943848, 35.90536117553711, 31.77666664123535, 31.07166290283203, 30.708789825439453, 31.097412109375, 29.534578323364258, 30.32231330871582, 31.138896942138672, 29.216527938842773, 31.975984573364258, 31.99291229248047, 28.989791870117188, 31.98528289794922, 36.03649139404297, 32.00650215148926, 30.46870231628418, 30.976057052612305, 30.017852783203125, 30.56955337524414, 30.515670776367188, 31.089305877685547, 40.42220115661621, 31.024694442749023, 31.379222869873047, 31.55970573425293, 31.13102912902832, 31.099796295166016, 32.370567321777344, 43.67470741271973, 39.68024253845215, 36.35048866271973, 31.953096389770508, 41.55898094177246, 31.32176399230957, 30.98011016845703, 31.943321228027344, 31.438350677490234, 32.109737396240234, 31.442880630493164, 32.75108337402344, 31.946897506713867, 31.85248374938965, 32.286882400512695, 37.91046142578125, 31.54897689819336, 32.2265625, 32.17673301696777, 31.31842613220215, 33.01286697387695, 31.198501586914062, 30.93433380126953, 31.655311584472656, 32.63449668884277, 32.73892402648926, 41.1982536315918, 31.219482421875, 38.46621513366699, 31.689882278442383, 32.70101547241211, 34.11746025085449, 33.612966537475586, 33.035993576049805, 37.60051727294922, 40.46773910522461, 34.36398506164551, 32.29331970214844, 34.54446792602539, 35.62760353088379, 38.602590560913086, 37.13512420654297, 36.55409812927246, 34.799814224243164, 41.46265983581543, 32.79733657836914, 32.422780990600586, 32.52267837524414, 32.41324424743652, 32.097578048706055, 33.597469329833984, 32.33790397644043, 33.437252044677734, 33.68663787841797, 32.48167037963867, 34.54184532165527, 40.74263572692871, 33.475637435913086, 33.54215621948242, 43.44344139099121, 35.10856628417969, 36.496877670288086, 32.87696838378906, 35.5224609375, 33.63180160522461, 33.31136703491211, 32.97114372253418, 33.68663787841797, 35.016775131225586, 36.6969108581543, 33.75649452209473, 36.5908145904541, 36.87119483947754, 34.941911697387695, 38.70987892150879, 33.963680267333984, 32.75561332702637, 33.907413482666016, 35.379648208618164, 39.36362266540527, 33.73122215270996, 34.39211845397949, 35.25686264038086, 34.98077392578125, 35.84480285644531, 34.6982479095459, 36.034345626831055, 34.85441207885742, 39.939165115356445, 42.63901710510254, 48.61164093017578, 34.91067886352539, 34.09314155578613, 35.7670783996582, 