{"start": 1546928961.501806, "timings": [58.710575103759766, 64.80646133422852, 16.638994216918945, 4.379749298095703, 4.221916198730469, 36.96107864379883, 160.96091270446777, 377.490758895874, 379.7340393066406, 65.88315963745117, 292.80972480773926, 50.18258094787598, 80.08599281311035, 289.40773010253906, 449.4214057922363, 64.34774398803711, 335.76202392578125, 177.91032791137695, 293.70808601379395, 298.7649440765381, 60.29534339904785, 57.202816009521484, 410.8138084411621, 24.710893630981445, 317.5523281097412, 65.05537033081055, 77.41355895996094, 405.77101707458496, 302.40392684936523, 57.3883056640625, 446.78544998168945, 40.20810127258301, 316.4384365081787, 51.55229568481445, 317.01159477233887, 60.90426445007324, 422.08361625671387, 47.09744453430176, 351.8369197845459, 51.199913024902344, 421.0619926452637, 46.424150466918945, 314.93425369262695, 62.027931213378906, 416.3932800292969, 70.16587257385254, 310.87327003479004, 65.60730934143066, 71.15530967712402, 373.8384246826172, 51.62167549133301, 304.87775802612305, 64.97049331665039, 58.67719650268555, 307.6310157775879, 44.42477226257324, 437.8981590270996, 58.86650085449219, 290.7571792602539, 50.39691925048828, 445.58262825012207, 302.43945121765137, 60.437679290771484, 440.8679008483887, 43.74432563781738, 340.076208114624, 46.71335220336914, 432.6620101928711, 38.715362548828125, 77.6987075805664, 301.35655403137207, 308.4743022918701, 44.68417167663574, 385.99181175231934, 78.72629165649414, 65.12784957885742, 278.5601615905762, 103.51395606994629, 421.42200469970703, 371.2887763977051, 372.9894161224365, 83.45627784729004, 326.33447647094727, 45.84646224975586, 460.9386920928955, 40.95816612243652, 264.756441116333, 87.90040016174316, 61.777591705322266, 308.0892562866211, 50.95934867858887, 181.50639533996582, 335.85190773010254, 307.79075622558594, 71.38586044311523, 408.71334075927734, 82.7028751373291, 300.0006675720215, 435.29796600341797, 77.12030410766602, 290.9049987792969, 73.10652732849121, 406.53419494628906, 65.36650657653809, 279.73437309265137, 45.8226203918457, 325.2241611480713, 66.2834644317627, 428.65586280822754, 42.4346923828125, 326.97486877441406, 62.93845176696777, 435.61673164367676, 63.35592269897461, 304.81839179992676, 30.727386474609375, 463.8822078704834, 344.973087310791, 59.66949462890625, 399.49750900268555, 39.99638557434082, 93.5211181640625, 313.68422508239746, 296.77700996398926, 54.3365478515625, 387.012243270874, 76.12276077270508, 64.03946876525879, 294.4295406341553, 63.365936279296875, 433.4537982940674, 47.58715629577637, 259.83381271362305, 101.2425422668457, 26.775121688842773, 412.6269817352295, 61.54489517211914, 364.5358085632324, 61.963796615600586, 415.41194915771484, 50.02546310424805, 349.3330478668213, 351.1676788330078, 38.35344314575195, 452.7931213378906, 59.2958927154541, 264.33587074279785, 99.91002082824707, 188.91572952270508, 288.5599136352539, 80.44648170471191, 319.3230628967285, 439.68939781188965, 338.8032913208008, 44.59524154663086, 452.7242183685303, 58.5942268371582, 341.3958549499512, 66.46919250488281, 467.55385398864746, 310.67442893981934, 73.79436492919922, 322.587251663208, 34.70158576965332, 186.13314628601074, 308.729887008667, 322.4916458129883, 57.38115310668945, 419.9709892272949, 45.926809310913086, 348.18100929260254, 58.31503868103027, 407.0398807525635, 63.254594802856445, 292.17076301574707, 51.51677131652832, 73.4870433807373, 305.04536628723145, 189.8367404937744, 288.06090354919434, 87.51416206359863, 297.9264259338379, 416.43762588500977, 65.75775146484375, 95.27325630187988, 301.8302917480469, 450.12903213500977, 61.16366386413574, 301.21707916259766, 40.91286659240723, 439.2573833465576, 43.76077651977539, 339.2767906188965, 68.3283805847168, 425.2495765686035, 51.25904083251953, 293.32947731018066, 45.54390907287598, 284.21831130981445, 79.52880859375, 62.85405158996582, 402.09436416625977, 44.8153018951416, 339.94245529174805, 38.01441192626953, 405.34257888793945, 53.66158485412598, 334.6703052520752, 47.25980758666992, 450.6087303161621, 51.2232780456543, 70.17660140991211, 291.33081436157227, 43.67828369140625, 461.55762672424316, 49.63564872741699, 311.48552894592285, 39.31879997253418, 306.94103240966797, 52.62303352355957, 457.0353031158447, 41.413307189941406, 330.8408260345459, 428.44462394714355, 81.09831809997559, 334.08522605895996, 54.549455642700195, 422.26481437683105, 61.51938438415527, 304.17323112487793, 39.76178169250488, 281.8925380706787, 180.20105361938477, 66.99538230895996, 358.5631847381592, 55.31573295593262, 298.5539436340332, 169.91782188415527, 290.6334400177002, 54.50439453125, 81.39586448669434, 324.17821884155273, 448.8532543182373, 314.56804275512695, 40.221214294433594, 433.03561210632324, 39.90745544433594, 280.9600830078125, 87.37659454345703, 54.8553466796875, 407.24706649780273, 49.21555519104004, 335.2372646331787, 49.20148849487305, 302.0486831665039, 40.06671905517578, 433.60400199890137, 40.65847396850586, 351.1660099029541, 53.23982238769531, 100.1286506652832, 418.80106925964355, 340.3763771057129, 49.91769790649414, 418.81728172302246, 57.12771415710449, 313.61842155456543, 67.75665283203125, 439.2061233520508, 308.00628662109375, 39.69311714172363, 290.4484272003174, 89.86878395080566, 156.59308433532715, 329.41627502441406, 73.3342170715332, 299.5586395263672, 57.409048080444336, 421.6046333312988, 40.32588005065918, 296.1621284484863, 58.86244773864746, 466.3689136505127, 40.66061973571777, 305.41515350341797, 81.2230110168457, 50.25506019592285, 373.6276626586914, 70.40596008300781, 49.978017807006836, 327.2221088409424, 37.61553764343262, 320.4061985015869, 147.7975845336914, 313.610315322876, 76.2336254119873, 298.8777160644531, 49.253225326538086, 430.1455020904541, 81.99381828308105, 313.6119842529297, 408.5350036621094, 57.50131607055664, 332.3543071746826, 57.63578414916992, 400.39896965026855, 70.65629959106445, 310.7187747955322, 76.07674598693848, 425.4469871520996, 50.798654556274414, 302.66284942626953, 70.32108306884766, 323.225736618042, 455.1260471343994, 53.47037315368652, 333.188533782959, 81.23946189880371, 392.254114151001, 71.38848304748535, 296.8764305114746, 79.01501655578613, 418.7204837799072, 319.6074962615967, 50.54330825805664, 442.71302223205566, 47.40023612976074, 317.85082817077637, 40.03310203552246, 319.821834564209, 41.352272033691406, 480.96179962158203, 58.85934829711914, 313.68231773376465, 62.93630599975586, 433.0606460571289, 349.2250442504883, 39.038896560668945, 383.90541076660156, 78.64952087402344, 59.25941467285156, 347.59044647216797, 416.97049140930176, 54.60309982299805, 329.1196823120117, 72.22604751586914, 311.4964962005615, 185.52231788635254, 286.90052032470703, 50.79913139343262, 334.02061462402344, 436.46979331970215, 47.20711708068848, 367.5651550292969, 58.02273750305176, 425.8124828338623, 71.22969627380371, 326.07197761535645, 56.229352951049805, 406.4373970031738, 52.71267890930176, 296.2009906768799, 61.69700622558594, 318.56632232666016, 49.32069778442383, 467.9110050201416, 324.2011070251465, 45.571327209472656, 447.9660987854004, 56.41961097717285, 298.9931106567383, 57.134389877319336, 418.44677925109863, 39.79229927062988, 81.26974105834961, 298.6273765563965, 473.93155097961426, 79.8029899597168, 320.1155662536621, 73.72617721557617, 293.2696342468262, 435.4095458984375, 40.78197479248047, 79.5745849609375, 297.76859283447266, 49.42822456359863, 430.37962913513184, 314.286470413208, 65.01913070678711, 78.66954803466797, 410.7072353363037, 286.93699836730957, 50.5831241607666, 413.862943649292, 60.28413772583008, 68.89748573303223, 319.4735050201416, 81.17794990539551, 426.6660213470459, 287.37926483154297, 76.50256156921387, 63.959598541259766, 325.5124092102051, 191.5268898010254, 309.8747730255127, 343.1396484375, 80.20782470703125, 415.00329971313477, 346.4365005493164, 85.03580093383789, 416.2447452545166, 289.37554359436035, 67.54159927368164, 75.7908821105957, 