{"start": 1546289780.2052255, "timings": [122.75004386901855, 187.98351287841797, 118.24631690979004, 196.60329818725586, 130.28883934020996, 195.27602195739746, 128.98588180541992, 134.36102867126465, 216.7065143585205, 110.75234413146973, 211.4849090576172, 129.44984436035156, 189.28217887878418, 131.6852569580078, 186.34724617004395, 124.8478889465332, 90.93618392944336, 187.1950626373291, 177.8411865234375, 190.8566951751709, 124.55177307128906, 186.2955093383789, 112.6401424407959, 176.09763145446777, 144.80018615722656, 182.2669506072998, 94.20990943908691, 238.14868927001953, 135.92839241027832, 191.06197357177734, 114.52245712280273, 76.19833946228027, 253.3259391784668, 125.75769424438477, 194.51189041137695, 111.75322532653809, 214.8573398590088, 105.96227645874023, 87.58783340454102, 265.3932571411133, 111.27185821533203, 218.35017204284668, 124.25947189331055, 195.45912742614746, 73.21858406066895, 230.3292751312256, 140.32864570617676, 146.36492729187012, 165.7557487487793, 199.8889446258545, 122.63727188110352, 207.39483833312988, 130.62691688537598, 122.32542037963867, 168.13182830810547, 157.0141315460205, 191.57791137695312, 134.7799301147461, 204.1792869567871, 121.84762954711914, 190.23633003234863, 128.12137603759766, 191.9114589691162, 121.60491943359375, 169.82126235961914, 134.9179744720459, 116.88995361328125, 195.18041610717773, 121.55747413635254, 203.9651870727539, 135.77580451965332, 204.48899269104004, 130.19728660583496, 194.0176486968994, 131.92152976989746, 201.95341110229492, 101.87721252441406, 131.6049098968506, 209.9757194519043, 126.29580497741699, 194.76580619812012, 129.32467460632324, 188.2166862487793, 123.80456924438477, 205.6291103363037, 113.90256881713867, 112.19358444213867, 249.87363815307617, 83.49299430847168, 244.1108226776123, 114.35532569885254, 203.4311294555664, 118.22938919067383, 197.60441780090332, 133.16798210144043, 205.1103115081787, 122.38597869873047, 196.16341590881348, 94.6965217590332, 197.10969924926758, 83.3733081817627, 122.80678749084473, 222.90802001953125, 86.67492866516113, 234.18188095092773, 82.05747604370117, 229.79354858398438, 131.3936710357666, 196.88773155212402, 123.3828067779541, 190.61899185180664, 83.4054946899414, 170.18747329711914, 210.6010913848877, 132.44223594665527, 180.01484870910645, 111.0842227935791, 223.42205047607422, 132.21216201782227, 194.3371295928955, 121.19889259338379, 196.5484619140625, 134.42182540893555, 202.8651237487793, 140.81931114196777, 130.13625144958496, 171.71645164489746, 155.806303024292, 191.21384620666504, 134.3543529510498, 159.8343849182129, 186.2788200378418, 148.58126640319824, 184.61370468139648, 194.26560401916504, 98.73628616333008, 162.11986541748047, 162.02664375305176, 138.53025436401367, 205.31082153320312, 132.74645805358887, 194.13113594055176, 119.47345733642578, 206.24160766601562, 122.69449234008789, 220.43895721435547, 119.82989311218262, 123.69775772094727, 190.37508964538574, 88.05036544799805, 224.99489784240723, 121.19579315185547, 193.20225715637207, 124.67837333679199, 182.4960708618164, 145.4904079437256, 202.36659049987793, 98.02007675170898, 147.92108535766602, 207.92150497436523, 132.34186172485352, 194.0021514892578, 76.9798755645752, 244.30251121520996, 124.07779693603516, 214.19906616210938, 132.61675834655762, 175.89378356933594, 135.07366180419922, 185.19163131713867, 122.12204933166504, 132.29918479919434, 191.78485870361328, 123.25644493103027, 147.9353904724121, 166.64814949035645, 186.73419952392578, 134.58538055419922, 189.6681785583496, 123.01421165466309, 170.4123020172119, 125.48971176147461, 141.11614227294922, 193.88270378112793, 95.64924240112305, 175.0776767730713, 168.14088821411133, 191.59722328186035, 123.68154525756836, 192.74258613586426, 121.68383598327637, 211.42339706420898, 124.22585487365723, 79.17618751525879, 248.5346794128418, 104.9497127532959, 208.97436141967773, 110.31889915466309, 229.11715507507324, 130.7680606842041, 213.27757835388184, 76.8733024597168, 220.5336093902588, 143.14794540405273, 195.75834274291992, 128.57484817504883, 130.25474548339844, 190.6566619873047, 114.17627334594727, 195.53351402282715, 160.7189178466797, 202.8486728668213, 121.7949390411377, 190.80257415771484, 119.31753158569336, 191.1473274230957, 123.01301956176758, 125.3364086151123, 178.70020866394043, 136.4274024963379, 191.819429397583, 116.64581298828125, 179.96764183044434, 133.42618942260742, 179.5792579650879, 117.73920059204102, 244.02165412902832, 123.73805046081543, 227.16856002807617, 112.15615272521973, 129.04763221740723, 200.96659660339355, 124.67122077941895, 192.79861450195312, 93.64080429077148, 229.05278205871582, 91.02439880371094, 241.607666015625, 90.39855003356934, 117.85221099853516, 196.7294216156006, 161.81564331054688, 189.6657943725586, 117.90275573730469, 198.1050968170166, 94.17915344238281, 214.51473236083984, 122.76434898376465, 193.2227611541748, 109.57956314086914, 211.49969100952148, 134.43231582641602, 135.40363311767578, 224.40624237060547, 158.25390815734863, 196.00319862365723, 113.56377601623535, 216.22371673583984, 110.78858375549316, 207.63754844665527, 125.41532516479492, 189.605712890625, 150.11954307556152, 122.43270874023438, 136.05117797851562, 164.3829345703125, 194.48065757751465, 94.31171417236328, 234.3580722808838, 131.35910034179688, 202.9433250427246, 123.80766868591309, 201.2472152709961, 124.91178512573242, 183.70342254638672, 138.74173164367676, 135.20050048828125, 193.71747970581055, 114.42422866821289, 206.97283744812012, 96.44579887390137, 224.02453422546387, 122.5895881652832, 201.5829086303711, 130.0520896911621, 199.04136657714844, 92.37456321716309, 239.95113372802734, 134.46950912475586, 143.35346221923828, 192.84939765930176, 131.8814754486084, 148.39482307434082, 178.66992950439453, 192.72422790527344, 119.0495491027832, 207.2892189025879, 133.23187828063965, 186.97834014892578, 77.9428482055664, 115.84973335266113, 243.2873249053955, 134.8857879638672, 174.7899055480957, 104.48646545410156, 229.628324508667, 126.66964530944824, 69.77701187133789, 238.2190227508545, 210.80541610717773, 90.02375602722168, 154.6652317047119, 198.55260848999023, 80.84249496459961, 238.3127212524414, 137.80570030212402, 167.5553321838379, 153.7480354309082, 193.79234313964844, 133.7869167327881, 192.63005256652832, 130.41114807128906, 141.45636558532715, 190.6583309173584, 91.41182899475098, 244.15183067321777, 114.61877822875977, 160.62068939208984, 165.6482219696045, 194.59128379821777, 114.24851417541504, 210.81948280334473, 133.55445861816406, 107.89752006530762, 220.32833099365234, 121.16265296936035, 185.6670379638672, 94.64335441589355, 246.6602325439453, 96.9552993774414, 215.77000617980957, 109.20858383178711, 221.05050086975098, 125.27012825012207, 131.41822814941406, 191.86711311340332, 113.94476890563965, 195.17946243286133, 82.01837539672852, 214.8582935333252, 146.25978469848633, 153.81932258605957, 163.5890007019043, 202.49032974243164, 124.37725067138672, 180.1145076751709, 133.11004638671875, 108.53385925292969, 162.11199760437012, 177.473783493042, 188.15898895263672, 113.9228343963623, 213.64736557006836, 116.96767807006836, 200.54388046264648, 118.60966682434082, 109.07411575317383, 209.94877815246582, 129.04715538024902, 211.56954765319824, 77.7435302734375, 188.7052059173584, 168.63250732421875, 146.03662490844727, 158.8888168334961, 204.54120635986328, 115.51809310913086, 110.24713516235352, 204.11372184753418, 122.64323234558105, 207.810640335083, 111.94491386413574, 203.52792739868164, 97.34034538269043, 231.01377487182617, 120.56708335876465, 198.92477989196777, 116.41120910644531, 137.3283863067627, 189.8212432861328, 100.32463073730469, 240.89884757995605, 91.18938446044922, 230.96346855163574, 136.25192642211914, 186.7198944091797, 90.30365943908691, 247.29347229003906, 121.0477352142334, 191.11275672912598, 84.41829681396484, 175.1718521118164, 187.21437454223633, 128.8745403289795, 184.7991943359375, 