{"start": 1546928587.3277614, "timings": [11.890411376953125, 21.128177642822266, 25.050878524780273, 18.44024658203125, 18.537044525146484, 18.565893173217773, 18.58663558959961, 19.325733184814453, 24.790525436401367, 18.27526092529297, 20.117998123168945, 32.1345329284668, 32.219648361206055, 30.41815757751465, 29.765605926513672, 37.325382232666016, 41.94164276123047, 27.86564826965332, 56.62417411804199, 30.9598445892334, 30.015230178833008, 28.888702392578125, 28.966188430786133, 30.848264694213867, 23.723602294921875, 26.508092880249023, 26.610612869262695, 25.911331176757812, 38.3763313293457, 22.74298667907715, 28.439044952392578, 28.230905532836914, 26.773691177368164, 50.353288650512695, 37.19615936279297, 38.030385971069336, 40.16852378845215, 26.782512664794922, 28.45001220703125, 29.909849166870117, 27.20808982849121, 27.492523193359375, 28.214454650878906, 27.134180068969727, 32.60350227355957, 27.58312225341797, 27.974367141723633, 25.164127349853516, 27.2676944732666, 29.50119972229004, 34.39497947692871, 30.60603141784668, 27.752399444580078, 20.680904388427734, 31.139135360717773, 27.68254280090332, 31.72445297241211, 26.971101760864258, 28.00154685974121, 28.91397476196289, 36.635398864746094, 25.455951690673828, 34.868478775024414, 29.636144638061523, 30.18808364868164, 50.575971603393555, 31.833410263061523, 37.139892578125, 36.38267517089844, 24.010181427001953, 38.916826248168945, 29.485702514648438, 33.774614334106445, 29.05893325805664, 33.05959701538086, 37.88614273071289, 30.66873550415039, 35.70389747619629, 28.976917266845703, 25.881528854370117, 39.20936584472656, 29.424667358398438, 34.760236740112305, 23.773670196533203, 29.239892959594727, 29.038190841674805, 37.598609924316406, 34.52730178833008, 32.14836120605469, 31.484127044677734, 34.56306457519531, 35.59374809265137, 41.619300842285156, 30.1973819732666, 34.39164161682129, 35.28928756713867, 37.672996520996094, 33.364295959472656, 39.7946834564209, 41.89276695251465, 36.31758689880371, 55.19270896911621, 47.241926193237305, 60.87446212768555, 58.916568756103516, 60.973405838012695, 51.35607719421387, 45.39370536804199, 37.908315658569336, 46.30899429321289, 45.6695556640625, 68.93181800842285, 39.40582275390625, 66.95270538330078, 59.86595153808594, 49.57842826843262, 50.17828941345215, 52.046775817871094, 56.18715286254883, 63.99273872375488, 66.13564491271973, 48.50149154663086, 63.918113708496094, 50.74000358581543, 51.15532875061035, 71.02608680725098, 52.405595779418945, 55.61065673828125, 57.833194732666016, 49.887895584106445, 67.85774230957031, 64.85247611999512, 58.999061584472656, 62.9582405090332, 62.74151802062988, 46.17500305175781, 63.27676773071289, 45.430660247802734, 50.614356994628906, 47.847747802734375, 42.272090911865234, 51.27120018005371, 64.91589546203613, 56.21623992919922, 48.610687255859375, 59.1120719909668, 64.22066688537598, 52.11949348449707, 59.661149978637695, 76.6139030456543, 56.90479278564453, 52.2158145904541, 48.37965965270996, 52.231788635253906, 48.249006271362305, 63.690900802612305, 64.03970718383789, 70.28436660766602, 47.66058921813965, 55.29069900512695, 52.86002159118652, 52.84595489501953, 63.49015235900879, 54.66198921203613, 50.47106742858887, 49.289703369140625, 51.53989791870117, 67.3832893371582, 61.64145469665527, 66.40458106994629, 57.318925857543945, 52.5052547454834, 54.836273193359375, 57.4800968170166, 58.70628356933594, 54.877281188964844, 50.049543380737305, 52.32691764831543, 50.43816566467285, 54.70728874206543, 55.04250526428223, 59.95488166809082, 54.346323013305664, 56.96249008178711, 91.64643287658691, 82.18955993652344, 64.33725357055664, 56.24270439147949, 49.17478561401367, 51.57923698425293, 49.02958869934082, 61.02871894836426, 47.47772216796875, 56.08391761779785, 66.08939170837402, 48.17056655883789, 49.445390701293945, 60.411691665649414, 48.46620559692383, 58.777570724487305, 67.55328178405762, 67.5971508026123, 87.98766136169434, 50.307273864746094, 58.95686149597168, 58.576107025146484, 50.86708068847656, 55.10878562927246, 52.61564254760742, 47.85561561584473, 49.81112480163574, 49.53956604003906, 66.79964065551758, 57.11078643798828, 56.822776794433594, 61.75684928894043, 52.290916442871094, 52.272796630859375, 47.20950126647949, 53.346872329711914, 57.67011642456055, 64.22591209411621, 52.14047431945801, 59.778690338134766, 63.33589553833008, 53.07912826538086, 60.58526039123535, 60.58549880981445, 60.92119216918945, 55.54652214050293, 53.89595031738281, 49.248456954956055, 59.20553207397461, 63.29679489135742, 54.04925346374512, 57.581186294555664, 50.14395713806152, 66.67137145996094, 61.04588508605957, 64.33725357055664, 53.97987365722656, 51.73754692077637, 50.38738250732422, 55.81355094909668, 50.412893295288086, 67.03042984008789, 68.45760345458984, 47.5459098815918, 77.20255851745605, 59.74555015563965, 64.9728775024414, 51.74827575683594, 55.642127990722656, 51.25689506530762, 51.4073371887207, 52.97565460205078, 75.85430145263672, 58.12382698059082, 58.63499641418457, 44.49033737182617, 58.657169342041016, 51.969289779663086, 54.581403732299805, 59.25726890563965, 50.79293251037598, 55.72938919067383, 51.708221435546875, 50.546884536743164, 55.91106414794922, 62.49666213989258, 65.3829574584961, 69.78821754455566, 57.20973014831543, 65.71459770202637, 69.68903541564941, 69.43297386169434, 74.2955207824707, 56.807756423950195, 54.00371551513672, 53.668975830078125, 61.07020378112793, 56.61296844482422, 50.56166648864746, 58.26854705810547, 52.350759506225586, 60.78362464904785, 51.48625373840332, 55.20176887512207, 62.97564506530762, 61.25211715698242, 60.17279624938965, 57.280778884887695, 69.51093673706055, 58.38179588317871, 58.47644805908203, 56.741952896118164, 55.56011199951172, 51.32579803466797, 66.38050079345703, 54.24070358276367, 54.56137657165527, 53.560495376586914, 53.504228591918945, 53.629159927368164, 52.636146545410156, 68.1307315826416, 54.55493927001953, 68.25709342956543, 63.398122787475586, 57.40857124328613, 64.16463851928711, 59.82708930969238, 66.31159782409668, 65.70029258728027, 58.09783935546875, 84.63931083679199, 68.58587265014648, 64.48149681091309, 64.18609619140625, 64.95141983032227, 61.93113327026367, 82.96322822570801, 58.2273006439209, 63.27247619628906, 62.627553939819336, 84.65862274169922, 65.40107727050781, 61.91539764404297, 65.9019947052002, 56.999921798706055, 62.97731399536133, 66.35594367980957, 70.2509880065918, 62.86954879760742, 75.59347152709961, 55.20272254943848, 61.2645149230957, 69.5810317993164, 78.49240303039551, 65.8421516418457, 75.21820068359375, 81.22992515563965, 71.44951820373535, 65.62137603759766, 66.20931625366211, 73.34566116333008, 64.37468528747559, 66.27011299133301, 75.64806938171387, 71.14315032958984, 66.45369529724121, 68.70484352111816, 70.30296325683594, 62.64233589172363, 64.48936462402344, 56.84232711791992, 74.38802719116211, 83.90593528747559, 83.6641788482666, 56.84256553649902, 58.47358703613281, 68.87316703796387, 63.224077224731445, 63.29607963562012, 58.904409408569336, 71.34127616882324, 58.13264846801758, 58.808326721191406, 63.12704086303711, 56.15353584289551, 60.77885627746582, 72.69883155822754, 66.44654273986816, 60.21714210510254, 60.79506874084473, 56.235313415527344, 62.426090240478516, 54.76832389831543, 62.63852119445801, 60.506582260131836, 56.27155303955078, 63.706159591674805, 65.09995460510254, 66.32804870605469, 60.97817420959473, 54.82292175292969, 59.42058563232422, 65.63305854797363, 68.99285316467285, 66.34378433227539, 55.068254470825195, 66.49422645568848, 59.925079345703125, 82.34739303588867, 62.006473541259766, 70.19805908203125, 72.62921333312988, 66.60604476928711, 61.57946586608887, 75.38151741027832, 77.93951034545898, 71.47550582885742, 66.77794456481934, 72.02029228210449, 59.95941162109375, 58.3958625793457, 69.65088844299316, 57.74641036987305, 63.61126899719238, 58.76302719116211, 57.94811248779297, 86.28702163696289, 63.02356719970703, 61.42282485961914, 