{"start": 1546187316.5747256, "timings": [1.2176036834716797, 1.1489391326904297, 1.007080078125, 1.1136531829833984, 1.0447502136230469, 0.9403228759765625, 0.850677490234375, 0.8459091186523438, 0.9644031524658203, 0.9236335754394531, 0.8742809295654297, 0.8907318115234375, 0.8814334869384766, 0.8440017700195312, 0.8697509765625, 0.8480548858642578, 0.8144378662109375, 0.8502006530761719, 0.9052753448486328, 0.8444786071777344, 0.8108615875244141, 0.8287429809570312, 0.7991790771484375, 0.8475780487060547, 0.8287429809570312, 0.9369850158691406, 0.9217262268066406, 0.8854866027832031, 0.8432865142822266, 0.8385181427001953, 0.9188652038574219, 0.8237361907958984, 0.8521080017089844, 0.8203983306884766, 0.8077621459960938, 0.8542537689208984, 0.8254051208496094, 0.8749961853027344, 1.0852813720703125, 0.8471012115478516, 0.8416175842285156, 0.8459091186523438, 0.873565673828125, 0.8294582366943359, 1.0423660278320312, 0.8649826049804688, 0.8907318115234375, 0.92315673828125, 0.858306884765625, 0.843048095703125, 0.8914470672607422, 0.9343624114990234, 0.8628368377685547, 0.8668899536132812, 0.8213520050048828, 0.9427070617675781, 0.8857250213623047, 0.9489059448242188, 0.9036064147949219, 0.9641647338867188, 1.0280609130859375, 0.9148120880126953, 0.8420944213867188, 0.8628368377685547, 0.9250640869140625, 0.7855892181396484, 0.812530517578125, 0.9400844573974609, 0.9813308715820312, 0.8740425109863281, 0.8103847503662109, 0.7748603820800781, 0.8258819580078125, 0.9462833404541016, 0.80108642578125, 0.7948875427246094, 0.8294582366943359, 0.8625984191894531, 0.9758472442626953, 0.8113384246826172, 0.7982254028320312, 0.8413791656494141, 1.0159015655517578, 0.9233951568603516, 0.8096694946289062, 0.8862018585205078, 0.8594989776611328, 0.9591579437255859, 0.8566379547119141, 0.8273124694824219, 0.8440017700195312, 0.8358955383300781, 0.8518695831298828, 0.8120536804199219, 0.8933544158935547, 0.8127689361572266, 0.9126663208007812, 0.8590221405029297, 0.8697509765625, 0.8349418640136719, 0.8304119110107422, 0.8306503295898438, 1.0075569152832031, 0.8454322814941406, 0.850677490234375, 0.8194446563720703, 0.8821487426757812, 0.8835792541503906, 0.8270740509033203, 0.8127689361572266, 0.9744167327880859, 0.84686279296875, 0.8463859558105469, 0.8199214935302734, 0.83160400390625, 0.8709430694580078, 0.8537769317626953, 0.8234977722167969, 0.9317398071289062, 0.8411407470703125, 0.9694099426269531, 1.0068416595458984, 0.850677490234375, 0.8630752563476562, 0.8869171142578125, 0.8862018585205078, 0.8308887481689453, 0.8299350738525391, 0.8292198181152344, 0.8540153503417969, 0.8268356323242188, 0.8089542388916016, 0.8172988891601562, 0.8115768432617188, 0.8137226104736328, 0.8711814880371094, 0.8032321929931641, 0.8025169372558594, 0.98419189453125, 0.9288787841796875, 0.8382797241210938, 0.8656978607177734, 0.8890628814697266, 0.9038448333740234, 0.8342266082763672, 0.8678436279296875, 0.8308887481689453, 0.8580684661865234, 0.8380413055419922, 0.7989406585693359, 0.8189678192138672, 0.8170604705810547, 0.8542537689208984, 0.8389949798583984, 0.7970333099365234, 0.8168220520019531, 0.8301734924316406, 0.8757114410400391, 0.9093284606933594, 0.8490085601806641, 0.8645057678222656, 0.8389949798583984, 0.7715225219726562, 0.8029937744140625, 0.7853507995605469, 0.8533000946044922, 0.89263916015625, 0.8304119110107422, 0.7963180541992188, 0.782012939453125, 0.8242130279541016, 0.8764266967773438, 0.7863044738769531, 0.8087158203125, 0.7829666137695312, 0.8139610290527344, 0.8676052093505859, 0.7865428924560547, 0.8301734924316406, 0.8358955383300781, 0.9963512420654297, 0.8528232574462891, 0.8137226104736328, 0.8268356323242188, 0.7908344268798828, 0.8213520050048828, 0.8482933044433594, 0.7872581481933594, 0.8203983306884766, 0.8895397186279297, 0.8242130279541016, 0.8296966552734375, 0.7979869842529297, 0.8060932159423828, 0.7998943328857422, 0.8153915405273438, 0.8425712585449219, 0.7960796356201172, 0.80108642578125, 0.8099079132080078, 0.8168220520019531, 0.8890628814697266, 0.8611679077148438, 0.7939338684082031, 0.8261203765869141, 0.8084774017333984, 0.8573532104492188, 0.8194446563720703, 0.8649826049804688, 0.9014606475830078, 0.8177757263183594, 0.8676052093505859, 0.8881092071533203, 0.8988380432128906, 0.9560585021972656, 0.9713172912597656, 0.9653568267822266, 0.8265972137451172, 0.9002685546875, 0.8463859558105469, 1.0325908660888672, 1.1298656463623047, 1.1038780212402344, 1.0371208190917969, 0.9570121765136719, 0.9636878967285156, 0.9863376617431641, 0.8502006530761719, 0.83160400390625, 0.8096694946289062, 0.7987022399902344, 0.8585453033447266, 0.835418701171875, 0.8068084716796875, 0.8068084716796875, 0.8099079132080078, 0.8697509765625, 0.8823871612548828, 0.9205341339111328, 0.873565673828125, 1.188516616821289, 1.0068416595458984, 0.8072853088378906, 0.7979869842529297, 0.7989406585693359, 0.8246898651123047, 0.8170604705810547, 0.8006095886230469, 0.8022785186767578, 0.751495361328125, 0.8230209350585938, 0.7948875427246094, 0.7839202880859375, 0.7715225219726562, 0.7863044738769531, 0.7891654968261719, 0.8020401000976562, 0.8454322814941406, 0.8547306060791016, 0.7860660552978516, 0.8924007415771484, 0.8394718170166016, 0.8320808410644531, 0.8449554443359375, 0.8730888366699219, 0.9019374847412109, 0.8907318115234375, 0.8327960968017578, 0.8289813995361328, 0.8654594421386719, 0.8897781372070312, 0.8511543273925781, 0.8475780487060547, 0.8308887481689453, 0.8633136749267578, 0.8838176727294922, 0.8466243743896484, 0.8924007415771484, 0.9062290191650391, 0.8943080902099609, 0.8449554443359375, 0.8285045623779297, 0.8251667022705078, 0.9424686431884766, 0.8366107940673828, 0.8494853973388672, 0.8275508880615234, 0.8535385131835938, 0.9675025939941406, 0.850677490234375, 0.8296966552734375, 0.8997917175292969, 0.8943080902099609, 0.8847713470458984, 0.8454322814941406, 0.8392333984375, 0.8800029754638672, 0.9169578552246094, 0.8504390716552734, 0.8411407470703125, 0.8742809295654297, 0.9162425994873047, 0.8215904235839844, 0.8037090301513672, 0.8020401000976562, 0.8356571197509766, 0.8418560028076172, 0.8261203765869141, 0.8387565612792969, 0.8397102355957031, 0.8578300476074219, 0.9310245513916016, 0.8435249328613281, 0.8635520935058594, 0.8401870727539062, 0.8366107940673828, 0.8873939514160156, 0.8077621459960938, 0.7734298706054688, 0.7967948913574219, 0.8449554443359375, 0.8096694946289062, 0.83160400390625, 0.8268356323242188, 0.8003711700439453, 0.7748603820800781, 0.8084774017333984, 0.7877349853515625, 0.8156299591064453, 0.7948875427246094, 0.8802413940429688, 0.8022785186767578, 0.7855892181396484, 0.8273124694824219, 0.774383544921875, 0.8194446563720703, 0.80108642578125, 0.823974609375, 0.8611679077148438, 0.7948875427246094, 0.8375644683837891, 0.7605552673339844, 0.8339881896972656, 0.8313655853271484, 0.7915496826171875, 0.8218288421630859, 0.8168220520019531, 0.8378028869628906, 0.7960796356201172, 0.8139610290527344, 0.8211135864257812, 0.8194446563720703, 0.8327960968017578, 0.8175373077392578, 0.7886886596679688, 0.8029937744140625, 0.8149147033691406, 0.8273124694824219, 0.7772445678710938, 0.8141994476318359, 0.83160400390625, 0.8618831634521484, 0.8244514465332031, 0.8037090301513672, 0.8029937744140625, 0.8032321929931641, 0.7927417755126953, 0.820159912109375, 0.7948875427246094, 0.8025169372558594, 0.8008480072021484, 0.8554458618164062, 0.8192062377929688, 0.8099079132080078, 0.7956027984619141, 0.7815361022949219, 0.8184909820556641, 0.8342266082763672, 0.8370876312255859, 0.8077621459960938, 0.7717609405517578, 0.8585453033447266, 0.8208751678466797, 0.8544921875, 0.8051395416259766, 0.7882118225097656, 0.8056163787841797, 0.7462501525878906, 0.8242130279541016, 0.78582763671875, 0.7622241973876953, 0.78582763671875, 0.7450580596923828, 0.7803440093994141, 0.7889270782470703, 0.7696151733398438, 0.7975101470947266, 0.7429122924804688, 0.7638931274414062, 0.9131431579589844, 0.9181499481201172, 