{"start": 1546289691.745645, "timings": [0.8516311645507812, 4.987478256225586, 4.589319229125977, 3.270864486694336, 2.350330352783203, 3.35693359375, 2.4390220642089844, 2.4509429931640625, 4.185676574707031, 3.168821334838867, 3.4377574920654297, 5.208730697631836, 8.011817932128906, 4.733562469482422, 5.710840225219727, 7.552862167358398, 4.769802093505859, 5.649805068969727, 4.95147705078125, 6.660223007202148, 4.708766937255859, 6.492853164672852, 5.618810653686523, 5.594015121459961, 3.9224624633789062, 6.757259368896484, 6.4544677734375, 3.781557083129883, 5.677461624145508, 8.038759231567383, 3.6597251892089844, 10.194778442382812, 4.2171478271484375, 7.9708099365234375, 6.037235260009766, 6.402492523193359, 5.239009857177734, 8.268594741821289, 8.668661117553711, 6.760835647583008, 5.767107009887695, 6.727933883666992, 5.55419921875, 7.971048355102539, 5.0811767578125, 7.370233535766602, 6.7653656005859375, 5.377769470214844, 4.787206649780273, 5.194902420043945, 6.361246109008789, 5.439519882202148, 6.280183792114258, 6.371974945068359, 5.932331085205078, 6.118535995483398, 5.9967041015625, 6.926536560058594, 6.882667541503906, 6.257534027099609, 6.833791732788086, 6.081581115722656, 8.129119873046875, 6.313085556030273, 5.565404891967773, 7.1659088134765625, 5.7735443115234375, 8.079767227172852, 3.697633743286133, 6.6356658935546875, 8.424043655395508, 6.30950927734375, 8.1329345703125, 5.249977111816406, 5.947113037109375, 7.452249526977539, 6.095170974731445, 7.193326950073242, 7.054328918457031, 6.636381149291992, 5.6667327880859375, 7.090091705322266, 5.514383316040039, 8.359909057617188, 5.074501037597656, 8.901357650756836, 5.873441696166992, 6.591320037841797, 8.960247039794922, 5.521059036254883, 6.611347198486328, 7.806539535522461, 5.890130996704102, 9.063482284545898, 7.180213928222656, 8.630752563476562, 7.324457168579102, 6.052732467651367, 6.167411804199219, 6.177186965942383, 10.181188583374023, 10.893583297729492, 13.068199157714844, 6.609916687011719, 22.74608612060547, 7.450103759765625, 9.630203247070312, 8.87608528137207, 11.839866638183594, 8.762836456298828, 10.822772979736328, 8.739948272705078, 9.109735488891602, 7.477045059204102, 12.259721755981445, 11.136293411254883, 8.738994598388672, 11.31129264831543, 8.416891098022461, 8.760690689086914, 9.441852569580078, 13.699054718017578, 9.851932525634766, 11.098384857177734, 9.038448333740234, 11.049985885620117, 8.879423141479492, 10.749101638793945, 10.073661804199219, 9.641885757446289, 10.3607177734375, 9.538412094116211, 7.18235969543457, 11.524200439453125, 11.524200439453125, 9.757518768310547, 10.887384414672852, 9.449243545532227, 10.926246643066406, 13.596773147583008, 10.027885437011719, 8.413076400756836, 12.499332427978516, 12.907743453979492, 13.737201690673828, 10.119199752807617, 17.094135284423828, 14.791011810302734, 12.666702270507812, 7.432222366333008, 11.656522750854492, 12.304544448852539, 13.599157333374023, 10.301351547241211, 12.076139450073242, 11.50965690612793, 9.328842163085938, 11.544942855834961, 11.466503143310547, 9.58108901977539, 7.216215133666992, 10.795831680297852, 10.36834716796875, 12.46190071105957, 9.545087814331055, 10.936737060546875, 12.209653854370117, 10.338068008422852, 10.953426361083984, 12.152671813964844, 12.081384658813477, 10.690689086914062, 8.55112075805664, 11.379003524780273, 7.759571075439453, 11.186838150024414, 11.976957321166992, 10.27536392211914, 10.263442993164062, 12.802839279174805, 10.413169860839844, 11.42740249633789, 11.617183685302734, 9.036540985107422, 11.66987419128418, 8.423805236816406, 14.395952224731445, 9.592294692993164, 9.680032730102539, 10.902643203735352, 12.056589126586914, 11.199235916137695, 12.872695922851562, 9.923934936523438, 9.615898132324219, 13.374090194702148, 11.049985885620117, 8.120536804199219, 12.466907501220703, 11.88206672668457, 14.257192611694336, 12.727499008178711, 11.038541793823242, 12.160062789916992, 9.351968765258789, 12.281179428100586, 14.61935043334961, 11.28530502319336, 10.990619659423828, 11.461496353149414, 8.93402099609375, 12.349367141723633, 12.394189834594727, 12.392282485961914, 12.19797134399414, 13.59868049621582, 7.32731819152832, 11.858463287353516, 11.687755584716797, 9.934425354003906, 7.901906967163086, 12.463808059692383, 12.1307373046875, 12.793540954589844, 13.031244277954102, 9.240150451660156, 10.55908203125, 13.984203338623047, 14.905214309692383, 10.849714279174805, 13.773441314697266, 11.446475982666016, 11.55853271484375, 14.144182205200195, 9.679794311523438, 16.130685806274414, 14.398336410522461, 12.600898742675781, 12.700557708740234, 17.574310302734375, 11.847257614135742, 15.096902847290039, 10.581016540527344, 16.848325729370117, 17.859458923339844, 16.38317108154297, 12.402534484863281, 15.293598175048828, 8.926630020141602, 11.207103729248047, 14.324426651000977, 11.894464492797852, 12.661457061767578, 13.550758361816406, 13.61083984375, 14.22262191772461, 12.783527374267578, 13.088464736938477, 15.539884567260742, 12.47096061706543, 12.297868728637695, 13.60630989074707, 10.046958923339844, 12.314558029174805, 11.432409286499023, 15.21921157836914, 10.540246963500977, 12.888669967651367, 12.85862922668457, 12.218952178955078, 11.854171752929688, 11.881589889526367, 11.819839477539062, 12.657642364501953, 12.449026107788086, 13.759136199951172, 10.598421096801758, 11.811494827270508, 10.566234588623047, 11.342048645019531, 14.14346694946289, 14.019012451171875, 15.554189682006836, 10.276079177856445, 12.119054794311523, 10.787248611450195, 13.380050659179688, 11.849403381347656, 14.192819595336914, 9.705543518066406, 14.825105667114258, 13.864755630493164, 12.736082077026367, 15.657901763916016, 11.36016845703125, 15.215158462524414, 12.380599975585938, 11.18016242980957, 14.360666275024414, 12.778282165527344, 11.87443733215332, 11.83938980102539, 11.627912521362305, 14.011144638061523, 10.677099227905273, 14.216423034667969, 13.95726203918457, 13.410329818725586, 13.94510269165039, 11.167764663696289, 10.805606842041016, 11.165142059326172, 17.110824584960938, 13.81230354309082, 13.921260833740234, 11.339187622070312, 13.917207717895508, 11.13581657409668, 14.725685119628906, 10.581493377685547, 10.699033737182617, 17.685890197753906, 13.427734375, 13.436079025268555, 15.031099319458008, 12.109041213989258, 10.215044021606445, 13.692855834960938, 13.316869735717773, 11.112689971923828, 12.220144271850586, 12.308835983276367, 11.064291000366211, 11.647462844848633, 12.944221496582031, 11.57069206237793, 11.299371719360352, 16.518831253051758, 11.851787567138672, 12.065649032592773, 12.814760208129883, 14.666080474853516, 15.507698059082031, 12.148618698120117, 14.992475509643555, 12.84480094909668, 16.574621200561523, 14.342546463012695, 22.209644317626953, 15.82789421081543, 11.981010437011719, 18.065452575683594, 20.667552947998047, 21.130084991455078, 15.378952026367188, 16.336441040039062, 20.290374755859375, 15.798807144165039, 16.526222229003906, 23.0712890625, 20.753145217895508, 20.03645896911621, 17.049551010131836, 12.891054153442383, 14.172792434692383, 16.347646713256836, 13.564586639404297, 17.39668846130371, 11.192560195922852, 16.257286071777344, 12.711048126220703, 14.027595520019531, 13.823986053466797, 13.127803802490234, 15.135765075683594, 18.015623092651367, 18.389225006103516, 14.650583267211914, 16.464948654174805, 12.307405471801758, 16.361474990844727, 14.04714584350586, 13.65804672241211, 17.990589141845703, 13.148307800292969, 22.355318069458008, 15.929222106933594, 18.088579177856445, 18.96834373474121, 14.43791389465332, 18.22185516357422, 17.508983612060547, 13.156652450561523, 18.001556396484375, 18.507003784179688, 16.223430633544922, 13.806581497192383, 13.575553894042969, 19.363880157470703, 19.128799438476562, 14.887332916259766, 13.145208358764648, 18.608808517456055, 18.34845542907715, 15.689373016357422, 14.272689819335938, 15.978574752807617, 15.344619750976562, 