{"start": 1546187288.3390572, "timings": [0.3781318664550781, 1.0683536529541016, 0.72479248046875, 26.277780532836914, 0.3829002380371094, 0.3705024719238281, 0.3075599670410156, 33.13255310058594, 36.01884841918945, 26.859283447265625, 12.01772689819336, 18.802404403686523, 10.126113891601562, 6.048917770385742, 20.14613151550293, 51.63693428039551, 2.9823780059814453, 11.182069778442383, 20.234107971191406, 7.979154586791992, 21.763086318969727, 18.321752548217773, 2.1762847900390625, 36.830902099609375, 20.516395568847656, 25.760173797607422, 16.093730926513672, 14.566898345947266, 44.380903244018555, 9.953022003173828, 20.678281784057617, 11.13271713256836, 21.45552635192871, 10.948657989501953, 4.45866584777832, 20.694732666015625, 10.636329650878906, 58.24470520019531, 18.115520477294922, 15.135526657104492, 21.095991134643555, 14.216184616088867, 18.059968948364258, 5.690336227416992, 10.610818862915039, 43.659210205078125, 13.426780700683594, 17.882347106933594, 6.183624267578125, 9.775161743164062, 3.429412841796875, 15.213251113891602, 2.7573108673095703, 9.09423828125, 17.69113540649414, 13.359546661376953, 52.214860916137695, 2.5691986083984375, 8.328437805175781, 17.199993133544922, 10.145425796508789, 16.26729965209961, 14.495372772216797, 50.45342445373535, 19.802331924438477, 14.32347297668457, 20.38264274597168, 11.43789291381836, 6.66499137878418, 21.647930145263672, 45.549631118774414, 9.722709655761719, 14.465093612670898, 13.275384902954102, 25.19702911376953, 21.858930587768555, 8.557558059692383, 30.579328536987305, 28.80716323852539, 14.513015747070312, 10.066509246826172, 15.53964614868164, 18.601179122924805, 13.435840606689453, 33.331871032714844, 18.465042114257812, 9.32002067565918, 25.28548240661621, 8.315801620483398, 29.07252311706543, 50.34637451171875, 16.848325729370117, 12.235879898071289, 20.8585262298584, 18.662452697753906, 14.827966690063477, 50.10843276977539, 14.464855194091797, 24.495601654052734, 16.44158363342285, 3.059864044189453, 9.638547897338867, 17.544984817504883, 10.547161102294922, 43.277740478515625, 18.566608428955078, 17.952680587768555, 32.11545944213867, 9.528636932373047, 18.24665069580078, 2.2003650665283203, 9.528160095214844, 27.76789665222168, 16.7238712310791, 8.863210678100586, 13.654232025146484, 15.58375358581543, 17.621517181396484, 11.914491653442383, 12.919902801513672, 37.184953689575195, 14.077901840209961, 13.31472396850586, 20.232439041137695, 3.1218528747558594, 10.15782356262207, 3.885030746459961, 24.985313415527344, 41.742563247680664, 9.673595428466797, 18.340349197387695, 13.282537460327148, 19.40441131591797, 19.988059997558594, 8.848428726196289, 45.610904693603516, 9.859561920166016, 17.6088809967041, 10.00523567199707, 16.589641571044922, 11.944770812988281, 16.53575897216797, 9.71674919128418, 30.975341796875, 11.30533218383789, 12.562990188598633, 14.654397964477539, 10.714054107666016, 6.0634613037109375, 16.381502151489258, 7.754325866699219, 5.414485931396484, 51.73516273498535, 16.01719856262207, 9.648323059082031, 14.822006225585938, 5.838871002197266, 24.219989776611328, 2.2516250610351562, 8.99505615234375, 19.364595413208008, 33.0810546875, 27.1909236907959, 15.917539596557617, 30.670166015625, 5.680322647094727, 41.57590866088867, 14.747858047485352, 18.99266242980957, 8.897542953491211, 13.272285461425781, 10.070323944091797, 19.106626510620117, 10.149002075195312, 43.92242431640625, 9.2315673828125, 15.080690383911133, 15.030622482299805, 25.05183219909668, 7.014274597167969, 13.004541397094727, 35.45784950256348, 25.742530822753906, 23.546218872070312, 7.014989852905273, 15.460968017578125, 14.25623893737793, 46.86379432678223, 13.718605041503906, 13.284444808959961, 18.111705780029297, 11.182069778442383, 22.19676971435547, 9.695291519165039, 45.639991760253906, 4.160165786743164, 12.318134307861328, 13.824462890625, 17.284870147705078, 11.033296585083008, 16.811609268188477, 11.500358581542969, 40.45701026916504, 11.029958724975586, 18.763065338134766, 9.882450103759766, 18.024682998657227, 10.004043579101562, 31.16893768310547, 48.72751235961914, 13.316869735717773, 18.755435943603516, 21.340370178222656, 9.860515594482422, 23.595094680786133, 43.97106170654297, 12.249946594238281, 15.50745964050293, 10.963678359985352, 19.810199737548828, 11.156797409057617, 16.003847122192383, 36.42582893371582, 17.35377311706543, 12.511491775512695, 25.058269500732422, 19.331693649291992, 10.927915573120117, 38.162946701049805, 16.08443260192871, 16.75868034362793, 32.13644027709961, 15.18559455871582, 53.32064628601074, 8.935689926147461, 18.22662353515625, 10.161399841308594, 16.695022583007812, 7.938623428344727, 22.557735443115234, 10.848522186279297, 47.94025421142578, 18.465757369995117, 34.535884857177734, 17.431974411010742, 36.62109375, 22.025108337402344, 20.235776901245117, 9.513139724731445, 19.378662109375, 9.923696517944336, 46.241044998168945, 20.95937728881836, 19.31619644165039, 24.505615234375, 17.839908599853516, 14.32037353515625, 44.95811462402344, 16.669750213623047, 11.978864669799805, 24.731874465942383, 18.01300048828125, 13.637065887451172, 38.43426704406738, 13.550519943237305, 23.502349853515625, 26.30758285522461, 19.64712142944336, 10.092735290527344, 29.954195022583008, 22.019147872924805, 6.552457809448242, 19.59228515625, 17.55547523498535, 2.846240997314453, 9.750843048095703, 6.515026092529297, 60.862064361572266, 25.70366859436035, 20.153284072875977, 4.866838455200195, 2.251863479614258, 9.64665412902832, 7.709503173828125, 17.271757125854492, 46.40007019042969, 20.767927169799805, 24.679899215698242, 30.195236206054688, 30.559301376342773, 48.3553409576416, 19.42300796508789, 24.78194236755371, 8.147954940795898, 30.424833297729492, 30.05385398864746, 55.34195899963379, 19.166231155395508, 11.036872863769531, 23.980140686035156, 18.313884735107422, 2.1398067474365234, 8.835792541503906, 41.4280891418457, 10.024785995483398, 19.402265548706055, 3.573894500732422, 32.41896629333496, 8.622407913208008, 45.14193534851074, 4.482269287109375, 16.475200653076172, 10.925531387329102, 28.47146987915039, 6.3037872314453125, 19.827604293823242, 15.166282653808594, 34.980058670043945, 8.633613586425781, 21.24929428100586, 5.7277679443359375, 21.419525146484375, 12.035608291625977, 19.196271896362305, 10.962724685668945, 44.39282417297363, 9.491920471191406, 33.074378967285156, 20.681142807006836, 11.374235153198242, 26.546239852905273, 38.6815071105957, 12.696504592895508, 14.921188354492188, 6.367921829223633, 8.869171142578125, 19.797086715698242, 8.95071029663086, 16.670703887939453, 9.454488754272461, 30.82132339477539, 21.15654945373535, 17.792940139770508, 9.533166885375977, 16.85023307800293, 11.926651000976562, 46.60534858703613, 5.040645599365234, 17.243146896362305, 2.336263656616211, 8.979558944702148, 17.535924911499023, 7.999420166015625, 17.479896545410156, 57.90257453918457, 7.968664169311523, 20.076513290405273, 35.125017166137695, 14.95671272277832, 22.586584091186523, 13.846635818481445, 49.37338829040527, 25.69127082824707, 6.737947463989258, 20.429611206054688, 16.982316970825195, 45.1960563659668, 14.096736907958984, 18.345355987548828, 18.973827362060547, 6.890773773193359, 10.265350341796875, 15.784025192260742, 6.618738174438477, 8.614778518676758, 27.750253677368164, 16.19863510131836, 10.585784912109375, 4.108190536499023, 16.359329223632812, 12.529373168945312, 22.34029769897461, 16.760826110839844, 37.74738311767578, 16.424894332885742, 24.204254150390625, 9.562253952026367, 18.736839294433594, 8.25190544128418, 8.632421493530273, 48.63882064819336, 12.468814849853516, 15.946626663208008, 20.076751708984375, 4.263877868652344, 22.069215774536133, 41.80264472961426, 10.86735725402832, 23.251771926879883, 17.528057098388672, 12.352705001831055, 23.374319076538086, 37.45269775390625, 5.320072174072266, 10.182857513427734, 24.637699127197266, 7.549762725830078, 20.78104019165039, 18.22972297668457, 