{"start": 1546289746.1173947, "timings": [16.797780990600586, 108.18219184875488, 17.302989959716797, 26.21603012084961, 37.83416748046875, 79.7569751739502, 29.057025909423828, 24.689912796020508, 32.0134162902832, 70.56784629821777, 36.27610206604004, 14.71257209777832, 40.938377380371094, 88.41109275817871, 32.84430503845215, 27.246713638305664, 29.448986053466797, 79.63752746582031, 16.013622283935547, 26.86166763305664, 89.19143676757812, 25.55227279663086, 14.250755310058594, 40.390729904174805, 70.24693489074707, 54.95309829711914, 32.77158737182617, 33.01668167114258, 85.0379467010498, 40.70329666137695, 14.630794525146484, 36.80849075317383, 74.50222969055176, 42.36960411071777, 28.945207595825195, 29.079198837280273, 70.01924514770508, 36.66400909423828, 35.28904914855957, 85.9994888305664, 27.244091033935547, 25.243282318115234, 30.729055404663086, 88.43207359313965, 24.93429183959961, 31.206130981445312, 20.31683921813965, 91.14336967468262, 16.077280044555664, 28.814315795898438, 27.718305587768555, 96.89784049987793, 20.348787307739258, 31.513690948486328, 30.025720596313477, 86.1361026763916, 31.83150291442871, 42.24658012390137, 85.20388603210449, 26.528120040893555, 28.030872344970703, 14.930009841918945, 91.89867973327637, 30.431509017944336, 25.374412536621094, 31.449317932128906, 69.05269622802734, 36.57269477844238, 28.964519500732422, 18.951892852783203, 81.84266090393066, 34.66176986694336, 50.694942474365234, 36.054372787475586, 84.85889434814453, 28.512001037597656, 31.62670135498047, 82.69643783569336, 27.9543399810791, 16.63494110107422, 26.78680419921875, 27.75883674621582, 97.99480438232422, 29.77776527404785, 27.51016616821289, 87.12887763977051, 30.832290649414062, 28.88178825378418, 29.387235641479492, 79.94318008422852, 30.71117401123047, 28.05805206298828, 21.988391876220703, 99.24030303955078, 28.222084045410156, 16.083717346191406, 91.5532112121582, 28.760433197021484, 29.79445457458496, 17.44842529296875, 28.94449234008789, 91.21894836425781, 15.654802322387695, 40.415048599243164, 81.95042610168457, 30.473947525024414, 17.057418823242188, 27.588844299316406, 86.0133171081543, 23.198366165161133, 46.91290855407715, 83.8327407836914, 14.11581039428711, 28.592824935913086, 42.41228103637695, 83.36234092712402, 19.255399703979492, 50.27127265930176, 32.98211097717285, 22.073030471801758, 82.60560035705566, 37.7657413482666, 16.115665435791016, 89.33806419372559, 26.203155517578125, 18.964290618896484, 29.601097106933594, 88.43255043029785, 26.08942985534668, 31.573772430419922, 16.051530838012695, 93.66178512573242, 27.886390686035156, 15.16866683959961, 99.01285171508789, 18.353700637817383, 38.544416427612305, 31.79788589477539, 13.053178787231445, 93.78814697265625, 28.38587760925293, 28.55682373046875, 77.45051383972168, 24.559974670410156, 35.60948371887207, 26.365041732788086, 80.32083511352539, 27.987957000732422, 27.656078338623047, 13.802766799926758, 79.81419563293457, 28.598308563232422, 28.38611602783203, 107.13315010070801, 16.698122024536133, 26.221036911010742, 39.33286666870117, 82.39483833312988, 25.756359100341797, 13.569831848144531, 27.959585189819336, 81.80022239685059, 47.620296478271484, 38.04755210876465, 37.97006607055664, 86.05837821960449, 36.15427017211914, 38.82241249084473, 28.943777084350586, 81.78830146789551, 28.62071990966797, 30.605316162109375, 81.61520957946777, 19.553661346435547, 35.662174224853516, 28.032302856445312, 72.51596450805664, 31.664371490478516, 37.506103515625, 20.396947860717773, 88.00363540649414, 27.642250061035156, 17.068147659301758, 47.76358604431152, 86.14587783813477, 35.520076751708984, 17.70782470703125, 39.717912673950195, 88.79852294921875, 29.028892517089844, 26.11255645751953, 23.502349853515625, 78.66525650024414, 28.73969078063965, 26.052474975585938, 30.375242233276367, 78.125, 28.033733367919922, 41.7330265045166, 72.42894172668457, 48.8889217376709, 20.86949348449707, 42.73867607116699, 81.08949661254883, 26.554584503173828, 16.440391540527344, 40.175437927246094, 85.35075187683105, 28.566360473632812, 28.806447982788086, 84.17701721191406, 36.215782165527344, 13.599395751953125, 25.9401798248291, 82.07249641418457, 42.3588752746582, 31.199216842651367, 33.66351127624512, 72.8759765625, 38.72847557067871, 19.150495529174805, 40.95339775085449, 81.70747756958008, 27.336597442626953, 24.242639541625977, 30.98917007446289, 80.05666732788086, 31.87727928161621, 30.568838119506836, 15.902280807495117, 97.6109504699707, 33.50210189819336, 33.510684967041016, 19.4094181060791, 96.10962867736816, 25.96282958984375, 21.09694480895996, 90.01684188842773, 29.003143310546875, 13.65351676940918, 27.575254440307617, 79.98228073120117, 38.761138916015625, 28.55515480041504, 17.397165298461914, 91.54462814331055, 20.169734954833984, 28.588056564331055, 96.99749946594238, 27.38165855407715, 28.6562442779541, 28.46240997314453, 81.22587203979492, 29.631376266479492, 28.16486358642578, 43.23005676269531, 97.01037406921387, 56.7927360534668, 44.28267478942871, 20.76864242553711, 110.69416999816895, 28.009414672851562, 15.642166137695312, 47.91688919067383, 82.40246772766113, 14.81008529663086, 35.45403480529785, 20.07889747619629, 79.64968681335449, 38.96331787109375, 16.737699508666992, 90.88325500488281, 16.736268997192383, 37.00423240661621, 14.081239700317383, 92.58794784545898, 30.55739402770996, 26.159286499023438, 29.57463264465332, 82.74674415588379, 28.276920318603516, 12.989282608032227, 24.69611167907715, 86.49659156799316, 29.17337417602539, 41.09501838684082, 82.71050453186035, 22.492170333862305, 33.172607421875, 13.583183288574219, 94.12884712219238, 27.409791946411133, 29.046058654785156, 27.984142303466797, 67.9924488067627, 38.79570960998535, 33.76126289367676, 19.098997116088867, 100.49223899841309, 26.353120803833008, 29.73771095275879, 17.934322357177734, 93.10078620910645, 18.752098083496094, 27.439117431640625, 93.03164482116699, 30.99966049194336, 16.678810119628906, 34.723520278930664, 81.23159408569336, 32.01436996459961, 28.898239135742188, 16.325712203979492, 80.06739616394043, 30.17711639404297, 29.16717529296875, 27.184486389160156, 94.53964233398438, 16.463279724121094, 28.064250946044922, 89.8125171661377, 27.697324752807617, 29.417753219604492, 27.8775691986084, 83.20307731628418, 28.583049774169922, 20.964384078979492, 28.392553329467773, 89.0965461730957, 36.658287048339844, 29.206275939941406, 27.97245979309082, 66.69831275939941, 38.85650634765625, 29.608964920043945, 84.37085151672363, 23.98204803466797, 17.84968376159668, 31.952381134033203, 88.52338790893555, 28.783798217773438, 30.487537384033203, 26.059389114379883, 80.37734031677246, 29.779434204101562, 30.556440353393555, 18.20659637451172, 87.2964859008789, 28.10811996459961, 29.21009063720703, 27.75406837463379, 66.08200073242188, 34.639596939086914, 42.97375679016113, 15.723466873168945, 79.93340492248535, 39.30473327636719, 32.27686882019043, 17.93050765991211, 90.44837951660156, 19.256114959716797, 35.94470024108887, 15.10167121887207, 89.59126472473145, 27.594804763793945, 16.629457473754883, 88.49835395812988, 30.134916305541992, 29.650211334228516, 28.238773345947266, 85.18767356872559, 32.84192085266113, 33.597707748413086, 85.06608009338379, 30.781269073486328, 15.123605728149414, 24.854660034179688, 83.91594886779785, 33.95867347717285, 23.315906524658203, 31.63909912109375, 80.03091812133789, 17.69113540649414, 39.85118865966797, 28.738975524902344, 67.74520874023438, 40.60649871826172, 29.572248458862305, 34.96599197387695, 70.68896293640137, 36.38935089111328, 16.58463478088379, 90.22116661071777, 30.607938766479492, 28.5336971282959, 15.067338943481445, 91.06731414794922, 34.90567207336426, 16.579389572143555, 38.99717330932617, 81.45594596862793, 29.873132705688477, 27.72068977355957, 33.59580039978027, 70.84846496582031, 48.478126525878906, 33.06245803833008, 21.50726318359375, 97.26667404174805, 15.868902206420898, 49.491167068481445, 81.22706413269043, 