{"start": 1546187245.724724, "timings": [0.8137226104736328, 4.563570022583008, 5.704164505004883, 2.371549606323242, 5.436897277832031, 4.0874481201171875, 3.802776336669922, 2.971172332763672, 2.694845199584961, 3.284931182861328, 3.2007694244384766, 6.917715072631836, 6.076335906982422, 6.85572624206543, 4.829883575439453, 6.787300109863281, 3.887176513671875, 5.792379379272461, 6.432771682739258, 3.9072036743164062, 5.617380142211914, 7.14874267578125, 6.302118301391602, 3.8487911224365234, 5.267143249511719, 4.69660758972168, 6.5746307373046875, 4.2438507080078125, 6.321430206298828, 6.5441131591796875, 5.503416061401367, 4.22358512878418, 5.177974700927734, 7.073640823364258, 4.770755767822266, 6.796360015869141, 4.483699798583984, 6.911277770996094, 6.333351135253906, 4.842519760131836, 3.206014633178711, 5.171298980712891, 4.527568817138672, 5.189180374145508, 6.798744201660156, 4.384517669677734, 6.387233734130859, 3.020048141479492, 5.577802658081055, 6.428718566894531, 4.220247268676758, 6.242990493774414, 4.218578338623047, 5.632877349853516, 7.203102111816406, 3.800630569458008, 5.933523178100586, 5.335807800292969, 6.400108337402344, 4.4841766357421875, 3.9420127868652344, 4.82487678527832, 6.397485733032227, 4.065036773681641, 5.787372589111328, 5.331993103027344, 7.013559341430664, 4.010915756225586, 6.110668182373047, 4.058361053466797, 5.292177200317383, 5.481481552124023, 7.668495178222656, 6.617307662963867, 4.0264129638671875, 6.570577621459961, 4.599332809448242, 6.189584732055664, 3.4744739532470703, 4.933834075927734, 5.371809005737305, 5.437374114990234, 6.309270858764648, 4.207372665405273, 6.383419036865234, 4.237174987792969, 5.645275115966797, 6.491899490356445, 3.976583480834961, 6.4449310302734375, 3.8514137268066406, 5.344629287719727, 6.986856460571289, 5.051136016845703, 5.442619323730469, 5.835294723510742, 3.6153793334960938, 6.859302520751953, 5.552530288696289, 3.7817955017089844, 6.747961044311523, 8.930444717407227, 10.192155838012695, 11.025667190551758, 7.807493209838867, 9.742259979248047, 5.056142807006836, 7.771730422973633, 8.558034896850586, 8.193492889404297, 9.47427749633789, 5.9528350830078125, 9.898662567138672, 10.096549987792969, 9.731531143188477, 8.00943374633789, 10.035276412963867, 9.2620849609375, 4.782199859619141, 7.583141326904297, 9.762048721313477, 10.815143585205078, 8.619546890258789, 7.285833358764648, 8.652210235595703, 10.750532150268555, 11.247873306274414, 4.872798919677734, 8.643627166748047, 7.813453674316406, 7.528781890869141, 8.813619613647461, 7.207393646240234, 8.45193862915039, 7.75909423828125, 7.015705108642578, 7.490873336791992, 8.899688720703125, 6.310462951660156, 8.120059967041016, 7.855415344238281, 11.032581329345703, 7.739782333374023, 5.884885787963867, 10.635614395141602, 7.198095321655273, 9.057998657226562, 10.476112365722656, 7.351398468017578, 7.420539855957031, 6.423473358154297, 8.775711059570312, 7.390737533569336, 7.485866546630859, 6.700992584228516, 7.673740386962891, 8.089065551757812, 7.228851318359375, 8.172273635864258, 8.754968643188477, 8.233308792114258, 7.065057754516602, 8.632421493530273, 8.168935775756836, 8.052825927734375, 5.880117416381836, 9.86027717590332, 9.181737899780273, 9.098052978515625, 9.849071502685547, 9.461641311645508, 7.637739181518555, 10.381937026977539, 9.068012237548828, 5.488872528076172, 9.04703140258789, 7.961511611938477, 9.493350982666016, 5.981683731079102, 7.770061492919922, 7.887601852416992, 7.124423980712891, 10.193109512329102, 8.474349975585938, 5.96165657043457, 7.551908493041992, 9.482145309448242, 7.02357292175293, 6.175756454467773, 7.060766220092773, 8.42905044555664, 9.47880744934082, 9.813070297241211, 6.474971771240234, 7.705926895141602, 8.831024169921875, 7.463216781616211, 6.884098052978516, 6.955862045288086, 8.133888244628906, 10.279655456542969, 6.798505783081055, 7.522344589233398, 9.70458984375, 6.330251693725586, 8.24880599975586, 8.318662643432617, 7.104635238647461, 7.9441070556640625, 8.47768783569336, 10.07390022277832, 6.609916687011719, 10.841846466064453, 7.686138153076172, 7.493019104003906, 8.88824462890625, 9.097814559936523, 6.873846054077148, 7.960796356201172, 6.641864776611328, 9.20414924621582, 5.538225173950195, 8.23974609375, 9.455680847167969, 7.634162902832031, 8.714675903320312, 6.5784454345703125, 7.142782211303711, 8.33749771118164, 8.774995803833008, 9.525775909423828, 6.111860275268555, 6.431102752685547, 8.174657821655273, 10.471582412719727, 8.889436721801758, 8.40306282043457, 5.533695220947266, 7.85517692565918, 8.076667785644531, 6.82830810546875, 7.99107551574707, 9.519815444946289, 5.977869033813477, 10.696887969970703, 5.388021469116211, 8.516788482666016, 8.216381072998047, 8.982419967651367, 7.940530776977539, 6.720542907714844, 7.28607177734375, 8.263587951660156, 7.278919219970703, 7.914543151855469, 7.424831390380859, 10.116100311279297, 6.888628005981445, 10.580301284790039, 8.924245834350586, 10.179996490478516, 5.110979080200195, 8.800983428955078, 7.587671279907227, 8.044719696044922, 9.589433670043945, 6.99305534362793, 6.955623626708984, 8.778095245361328, 10.255813598632812, 5.830049514770508, 8.844614028930664, 9.661674499511719, 7.879972457885742, 5.685567855834961, 9.91678237915039, 6.32929801940918, 8.76927375793457, 9.757757186889648, 9.728431701660156, 9.982109069824219, 9.660005569458008, 6.335258483886719, 10.514020919799805, 5.45954704284668, 7.965803146362305, 7.517337799072266, 8.555889129638672, 9.302616119384766, 6.226301193237305, 8.546829223632812, 7.218360900878906, 9.736776351928711, 7.278680801391602, 7.867097854614258, 5.258798599243164, 6.718635559082031, 9.614706039428711, 9.125709533691406, 7.373571395874023, 7.526397705078125, 7.938385009765625, 9.492635726928711, 9.74583625793457, 6.820440292358398, 7.260322570800781, 8.313417434692383, 6.5059661865234375, 11.883258819580078, 6.734371185302734, 6.484270095825195, 8.341073989868164, 9.536266326904297, 7.0819854736328125, 8.230209350585938, 7.969141006469727, 7.665395736694336, 9.566068649291992, 8.911609649658203, 9.016990661621094, 8.253335952758789, 8.70060920715332, 8.872509002685547, 9.155988693237305, 8.58449935913086, 7.815122604370117, 7.060527801513672, 9.188652038574219, 7.735729217529297, 7.776737213134766, 7.440805435180664, 10.138988494873047, 7.809877395629883, 6.299734115600586, 7.278680801391602, 8.62741470336914, 10.863304138183594, 5.172967910766602, 9.655952453613281, 6.451845169067383, 6.669044494628906, 9.824752807617188, 8.440256118774414, 8.367300033569336, 7.400751113891602, 10.678768157958984, 12.590169906616211, 4.727363586425781, 6.409883499145508, 12.683629989624023, 7.602214813232422, 11.651754379272461, 7.975578308105469, 8.111953735351562, 7.727384567260742, 6.472349166870117, 7.934331893920898, 11.010885238647461, 5.539417266845703, 8.871078491210938, 9.817123413085938, 6.352901458740234, 10.357856750488281, 6.254911422729492, 8.510351181030273, 7.445335388183594, 9.876012802124023, 11.334419250488281, 7.402896881103516, 7.980108261108398, 6.504297256469727, 9.785175323486328, 7.586002349853516, 6.613016128540039, 8.933782577514648, 8.625268936157227, 7.8220367431640625, 9.612321853637695, 7.1735382080078125, 5.891323089599609, 8.137702941894531, 10.05864143371582, 6.707429885864258, 9.969711303710938, 6.339788436889648, 6.450176239013672, 9.465456008911133, 8.44430923461914, 10.173797607421875, 8.858919143676758, 9.732246398925781, 8.751392364501953, 9.226083755493164, 8.716344833374023, 9.599924087524414, 5.971670150756836, 8.941888809204102, 7.30443000793457, 7.806539535522461, 7.833003997802734, 10.721921920776367, 5.763053894042969, 9.334087371826172, 9.032487869262695, 7.407426834106445, 8.260726928710938, 9.814262390136719, 10.740518569946289, 7.544517517089844, 5.998373031616211, 10.583639144897461, 11.694908142089844, 7.218122482299805, 7.92694091796875, 10.601282119750977, 5.808591842651367, 9.402036666870117, 7.90858268737793, 