{"start": 1546187288.35894, "timings": [19.75226402282715, 30.855655670166016, 57.24835395812988, 31.733989715576172, 15.926361083984375, 74.16415214538574, 15.109539031982422, 27.724504470825195, 37.999629974365234, 37.89091110229492, 30.982017517089844, 34.24572944641113, 25.981426239013672, 61.98310852050781, 32.387733459472656, 35.759925842285156, 16.207218170166016, 69.84996795654297, 34.76309776306152, 40.04955291748047, 56.91814422607422, 34.40427780151367, 30.52234649658203, 26.681184768676758, 13.576507568359375, 54.51154708862305, 27.04000473022461, 26.075124740600586, 14.229774475097656, 70.06025314331055, 36.19122505187988, 17.77052879333496, 66.79224967956543, 27.09221839904785, 16.768217086791992, 39.73245620727539, 39.30163383483887, 43.22457313537598, 29.210329055786133, 28.258800506591797, 51.842451095581055, 25.421142578125, 17.427444458007812, 30.596494674682617, 69.47135925292969, 29.351472854614258, 33.14566612243652, 53.39932441711426, 17.035961151123047, 38.07330131530762, 28.435230255126953, 53.04598808288574, 36.28373146057129, 32.776594161987305, 29.803752899169922, 53.86090278625488, 26.685476303100586, 28.676509857177734, 27.762889862060547, 52.14095115661621, 33.593177795410156, 18.50581169128418, 62.039852142333984, 27.625083923339844, 13.484716415405273, 39.91866111755371, 54.09502983093262, 27.01854705810547, 27.659177780151367, 27.470827102661133, 54.98456954956055, 27.950525283813477, 30.099868774414062, 17.163515090942383, 63.42935562133789, 29.924869537353516, 26.60989761352539, 28.362274169921875, 39.77680206298828, 36.66996955871582, 22.919416427612305, 55.46069145202637, 24.770736694335938, 30.919551849365234, 29.248952865600586, 53.69830131530762, 24.109363555908203, 20.84660530090332, 39.632558822631836, 40.282249450683594, 29.394149780273438, 37.11533546447754, 20.180940628051758, 58.93993377685547, 27.18210220336914, 26.51071548461914, 23.050308227539062, 59.676170349121094, 27.634859085083008, 27.85468101501465, 52.42204666137695, 29.300928115844727, 27.852773666381836, 16.053438186645508, 73.65059852600098, 15.139341354370117, 38.44022750854492, 20.395517349243164, 57.2817325592041, 27.926921844482422, 31.260967254638672, 28.77521514892578, 51.33652687072754, 17.96698570251465, 38.67650032043457, 21.652698516845703, 60.21451950073242, 12.763023376464844, 37.0175838470459, 51.167964935302734, 27.29940414428711, 27.240514755249023, 29.798269271850586, 40.15016555786133, 36.98992729187012, 14.758586883544922, 36.99159622192383, 39.11113739013672, 40.285348892211914, 21.64483070373535, 21.51966094970703, 62.85738945007324, 20.92146873474121, 40.46154022216797, 15.86151123046875, 61.232566833496094, 15.400886535644531, 38.18678855895996, 52.454233169555664, 14.896154403686523, 33.17546844482422, 34.834861755371094, 46.06151580810547, 23.582935333251953, 38.89870643615723, 16.39866828918457, 68.09306144714355, 45.44353485107422, 17.62080192565918, 63.311100006103516, 24.783849716186523, 28.469324111938477, 29.26945686340332, 72.92580604553223, 20.525455474853516, 31.257152557373047, 30.458927154541016, 35.513877868652344, 68.5570240020752, 15.810251235961914, 39.45040702819824, 50.97603797912598, 32.53579139709473, 24.34992790222168, 25.0546932220459, 57.599544525146484, 20.22266387939453, 25.696992874145508, 62.88647651672363, 27.404069900512695, 38.47312927246094, 30.811309814453125, 54.27742004394531, 20.771265029907227, 42.884111404418945, 16.9832706451416, 63.15302848815918, 30.0595760345459, 28.75971794128418, 26.118993759155273, 41.278839111328125, 37.41598129272461, 26.97610855102539, 17.08245277404785, 64.94712829589844, 27.655839920043945, 27.92501449584961, 46.01407051086426, 16.820669174194336, 39.28232192993164, 45.07040977478027, 23.840665817260742, 52.37531661987305, 29.203414916992188, 35.78972816467285, 48.34485054016113, 22.454023361206055, 32.84311294555664, 32.54508972167969, 53.26247215270996, 30.37738800048828, 18.722057342529297, 36.32307052612305, 50.44865608215332, 25.0701904296875, 28.88798713684082, 15.810489654541016, 62.51883506774902, 15.85531234741211, 27.331113815307617, 59.66520309448242, 24.504661560058594, 27.47368812561035, 17.049312591552734, 60.982465744018555, 16.881227493286133, 27.45342254638672, 36.7426872253418, 48.5377311706543, 27.880430221557617, 28.624296188354492, 14.438152313232422, 54.08048629760742, 36.414384841918945, 25.503158569335938, 52.89578437805176, 27.50396728515625, 27.11629867553711, 28.314590454101562, 13.304471969604492, 64.00346755981445, 25.84981918334961, 27.866125106811523, 51.989078521728516, 31.53514862060547, 17.24100112915039, 36.665916442871094, 52.11186408996582, 28.300046920776367, 14.48369026184082, 58.83479118347168, 32.69553184509277, 27.197599411010742, 25.876283645629883, 15.334844589233398, 62.75033950805664, 27.520179748535156, 24.278640747070312, 51.93686485290527, 26.499509811401367, 29.097318649291992, 27.73261070251465, 50.443172454833984, 20.528078079223633, 32.166481018066406, 17.803430557250977, 48.82645606994629, 38.65623474121094, 26.44205093383789, 51.73850059509277, 34.82508659362793, 15.321731567382812, 51.29265785217285, 61.21015548706055, 15.350818634033203, 26.537656784057617, 28.843164443969727, 58.85910987854004, 26.79276466369629, 29.900312423706055, 28.066635131835938, 62.80040740966797, 29.700517654418945, 27.765512466430664, 27.018070220947266, 54.98027801513672, 28.298377990722656, 27.493953704833984, 19.542694091796875, 63.80772590637207, 14.751195907592773, 37.340641021728516, 51.60021781921387, 13.068914413452148, 31.88633918762207, 30.68089485168457, 49.14736747741699, 23.39005470275879, 24.121761322021484, 36.058664321899414, 52.51598358154297, 14.118194580078125, 41.37754440307617, 50.705909729003906, 19.421815872192383, 38.25736045837402, 29.897689819335938, 14.840364456176758, 54.723262786865234, 35.35962104797363, 20.638704299926758, 57.56425857543945, 27.116775512695312, 16.56651496887207, 27.061939239501953, 62.44039535522461, 24.950027465820312, 29.111385345458984, 52.22058296203613, 27.407407760620117, 28.584718704223633, 14.789104461669922, 61.15317344665527, 25.687456130981445, 17.186880111694336, 42.0680046081543, 47.61672019958496, 37.75358200073242, 29.963016510009766, 27.767419815063477, 43.59292984008789, 42.35696792602539, 34.3174934387207, 23.422956466674805, 53.847551345825195, 31.81910514831543, 36.74149513244629, 51.911115646362305, 28.239011764526367, 25.140762329101562, 30.565261840820312, 46.433448791503906, 30.376911163330078, 16.321420669555664, 36.59415245056152, 53.015708923339844, 25.215864181518555, 16.489744186401367, 26.01027488708496, 61.640024185180664, 24.290800094604492, 26.393413543701172, 54.038286209106445, 20.878076553344727, 29.605865478515625, 40.80343246459961, 58.518409729003906, 20.003557205200195, 29.13808822631836, 30.492305755615234, 72.46875762939453, 33.4620475769043, 27.43244171142578, 27.564287185668945, 43.32137107849121, 38.48123550415039, 26.89814567565918, 24.81842041015625, 48.73204231262207, 39.461612701416016, 27.77552604675293, 13.864994049072266, 50.77552795410156, 37.13226318359375, 27.505159378051758, 44.97337341308594, 30.739784240722656, 37.04643249511719, 18.75138282775879, 62.3621940612793, 14.591693878173828, 39.24417495727539, 15.384435653686523, 66.86210632324219, 26.90911293029785, 26.250123977661133, 19.424915313720703, 59.46183204650879, 16.69001579284668, 37.77599334716797, 54.87465858459473, 15.149831771850586, 36.99803352355957, 16.088008880615234, 59.816837310791016, 16.037940979003906, 26.543617248535156, 35.64000129699707, 53.88927459716797, 26.999235153198242, 15.742778778076172, 38.23995590209961, 56.609392166137695, 37.7352237701416, 36.31734848022461, 33.019304275512695, 54.43859100341797, 35.79139709472656, 31.657695770263672, 60.806989669799805, 27.47321128845215, 27.551651000976562, 21.924734115600586, 54.32772636413574, 35.99429130554199, 26.80492401123047, 27.53162384033203, 53.22575569152832, 28.68509292602539, 