{"start": 1546187315.769136, "timings": [1.0344982147216797, 1.268625259399414, 0.9565353393554688, 1.0890960693359375, 1.0342597961425781, 1.0046958923339844, 0.8809566497802734, 0.7390975952148438, 0.7908344268798828, 0.7364749908447266, 0.7219314575195312, 0.8103847503662109, 0.8025169372558594, 0.8037090301513672, 0.8337497711181641, 1.1074542999267578, 1.1096000671386719, 1.0600090026855469, 1.0044574737548828, 1.010894775390625, 1.0685920715332031, 1.0662078857421875, 1.0838508605957031, 1.0433197021484375, 1.1899471282958984, 1.0352134704589844, 0.9944438934326172, 1.0285377502441406, 1.0933876037597656, 0.9179115295410156, 0.9462833404541016, 0.9610652923583984, 0.7827281951904297, 0.8404254913330078, 0.8780956268310547, 0.7867813110351562, 1.056671142578125, 0.9531974792480469, 0.8497238159179688, 0.8442401885986328, 0.8635520935058594, 0.8323192596435547, 0.8780956268310547, 0.8378028869628906, 0.8728504180908203, 0.8780956268310547, 0.8409023284912109, 0.8790493011474609, 0.8182525634765625, 0.9050369262695312, 0.8687973022460938, 0.8323192596435547, 0.8974075317382812, 0.8554458618164062, 0.8485317230224609, 0.8561611175537109, 0.8668899536132812, 0.8976459503173828, 0.8571147918701172, 0.8845329284667969, 0.8840560913085938, 1.0390281677246094, 0.8976459503173828, 0.9050369262695312, 1.0898113250732422, 0.9901523590087891, 1.0788440704345703, 0.9121894836425781, 0.8275508880615234, 0.7891654968261719, 0.7703304290771484, 0.8082389831542969, 0.7748603820800781, 0.7708072662353516, 0.8578300476074219, 0.7653236389160156, 0.7729530334472656, 0.8242130279541016, 0.8499622344970703, 0.7843971252441406, 0.7710456848144531, 0.8091926574707031, 0.7863044738769531, 0.7796287536621094, 0.7677078247070312, 0.7634162902832031, 0.8139610290527344, 0.7605552673339844, 0.7836818695068359, 0.8020401000976562, 0.7572174072265625, 0.7891654968261719, 0.7557868957519531, 0.7376670837402344, 0.7450580596923828, 0.7483959197998047, 0.7994174957275391, 0.72479248046875, 0.7762908935546875, 0.7510185241699219, 0.7140636444091797, 0.7641315460205078, 0.7650852203369141, 0.8542537689208984, 0.8075237274169922, 0.7712841033935547, 0.705718994140625, 0.7424354553222656, 0.7278919219970703, 0.7309913635253906, 0.8451938629150391, 0.7278919219970703, 0.7345676422119141, 0.7734298706054688, 0.7700920104980469, 0.7588863372802734, 0.7328987121582031, 0.7441043853759766, 0.7398128509521484, 0.728607177734375, 0.7634162902832031, 0.7386207580566406, 0.7238388061523438, 0.7612705230712891, 0.7357597351074219, 0.7448196411132812, 0.7050037384033203, 0.7441043853759766, 0.7042884826660156, 0.7736682891845703, 0.7364749908447266, 0.7123947143554688, 0.7066726684570312, 0.7131099700927734, 0.7169246673583984, 0.7677078247070312, 0.7593631744384766, 0.7150173187255859, 0.7374286651611328, 0.7376670837402344, 0.8287429809570312, 0.7975101470947266, 0.7619857788085938, 0.7803440093994141, 0.7266998291015625, 0.7066726684570312, 0.865936279296875, 0.8454322814941406, 0.7886886596679688, 0.766754150390625, 0.7622241973876953, 0.7746219635009766, 0.7250308990478516, 0.7233619689941406, 0.7612705230712891, 0.7178783416748047, 0.7333755493164062, 0.7565021514892578, 0.7197856903076172, 0.7081031799316406, 0.7028579711914062, 0.6961822509765625, 0.7762908935546875, 0.7240772247314453, 0.7135868072509766, 0.7026195526123047, 0.7565021514892578, 0.7810592651367188, 0.7379055023193359, 0.7562637329101562, 0.7288455963134766, 0.7352828979492188, 0.7719993591308594, 0.7586479187011719, 0.7672309875488281, 0.8151531219482422, 0.797271728515625, 0.8339881896972656, 0.8592605590820312, 0.7915496826171875, 0.8189678192138672, 0.7848739624023438, 0.885009765625, 0.9300708770751953, 0.8435249328613281, 0.7607936859130859, 0.7386207580566406, 0.7767677307128906, 0.7572174072265625, 0.7386207580566406, 0.7507801055908203, 0.7407665252685547, 0.8673667907714844, 0.7631778717041016, 0.7913112640380859, 0.7898807525634766, 0.7152557373046875, 0.7755756378173828, 0.7407665252685547, 0.7383823394775391, 0.7474422454833984, 0.7395744323730469, 0.7493495941162109, 0.7965564727783203, 0.7491111755371094, 0.7476806640625, 0.7688999176025391, 0.7464885711669922, 0.7860660552978516, 0.81634521484375, 0.8196830749511719, 0.7691383361816406, 0.8056163787841797, 0.7543563842773438, 0.7519721984863281, 0.7605552673339844, 0.7719993591308594, 0.7677078247070312, 0.7665157318115234, 0.8828639984130859, 0.7691383361816406, 0.7569789886474609, 0.7381439208984375, 0.7684230804443359, 0.804901123046875, 0.7805824279785156, 0.7517337799072266, 0.7619857788085938, 0.7719993591308594, 0.7884502410888672, 0.8463859558105469, 0.7882118225097656, 0.7908344268798828, 0.7827281951904297, 0.8192062377929688, 0.812530517578125, 0.7598400115966797, 0.8571147918701172, 0.7605552673339844, 0.7846355438232422, 0.77056884765625, 0.7605552673339844, 0.7920265197753906, 0.7991790771484375, 0.7548332214355469, 0.7369518280029297, 0.7731914520263672, 0.8068084716796875, 0.7925033569335938, 0.8349418640136719, 0.7650852203369141, 0.7851123809814453, 0.7767677307128906, 0.7827281951904297, 0.7860660552978516, 0.7393360137939453, 0.7643699645996094, 0.7736682891845703, 0.7703304290771484, 0.79345703125, 0.8006095886230469, 0.751495361328125, 0.7417201995849609, 0.7359981536865234, 0.8051395416259766, 0.8106231689453125, 0.7476806640625, 0.7557868957519531, 0.7588863372802734, 0.7717609405517578, 0.7450580596923828, 0.7491111755371094, 0.7383823394775391, 0.7772445678710938, 0.7290840148925781, 0.7529258728027344, 0.7627010345458984, 0.7665157318115234, 0.7050037384033203, 0.7445812225341797, 0.7619857788085938, 0.7786750793457031, 0.8084774017333984, 0.74005126953125, 0.7295608520507812, 0.7851123809814453, 0.7581710815429688, 0.7472038269042969, 0.7433891296386719, 0.72479248046875, 0.7197856903076172, 0.7507801055908203, 0.7538795471191406, 0.7333755493164062, 0.7221698760986328, 0.7538795471191406, 0.7326602935791016, 0.7476806640625, 0.7500648498535156, 0.7288455963134766, 0.7171630859375, 0.7584095001220703, 0.8127689361572266, 0.8008480072021484, 0.7429122924804688, 0.7314682006835938, 0.7407665252685547, 0.7450580596923828, 0.7963180541992188, 0.7104873657226562, 0.7171630859375, 0.7605552673339844, 0.7760524749755859, 0.7746219635009766, 0.7379055023193359, 0.7026195526123047, 0.7772445678710938, 0.7946491241455078, 0.7848739624023438, 0.7162094116210938, 0.7157325744628906, 0.7269382476806641, 0.7426738739013672, 0.8461475372314453, 0.7503032684326172, 0.7460117340087891, 0.7328987121582031, 0.7445812225341797, 0.8206367492675781, 0.7219314575195312, 0.7104873657226562, 0.7216930389404297, 0.8037090301513672, 0.7536411285400391, 0.7450580596923828, 0.7395744323730469, 0.7166862487792969, 0.7352828979492188, 0.7641315460205078, 0.7290840148925781, 0.7309913635253906, 0.7281303405761719, 0.7443428039550781, 0.7364749908447266, 0.7729530334472656, 0.7529258728027344, 0.7414817810058594, 0.8385181427001953, 0.7214546203613281, 0.7486343383789062, 0.7596015930175781, 0.7550716400146484, 0.7531642913818359, 0.7443428039550781, 0.7483959197998047, 0.812530517578125, 0.7295608520507812, 0.74005126953125, 0.7221698760986328, 0.7288455963134766, 0.75531005859375, 0.7262229919433594, 0.7455348968505859, 0.7205009460449219, 0.7293224334716797, 0.7390975952148438, 0.743865966796875, 0.7560253143310547, 0.7154941558837891, 0.713348388671875, 0.7035732269287109, 0.7746219635009766, 0.8246898651123047, 0.6756782531738281, 0.7038116455078125, 0.7390975952148438, 0.7214546203613281, 0.7181167602539062, 0.7216930389404297, 0.7185935974121094, 0.7238388061523438, 0.7345676422119141, 0.7925033569335938, 0.7688999176025391, 0.7524490356445312, 0.7317066192626953, 0.7171630859375, 0.7350444793701172, 0.7715225219726562, 0.7555484771728516, 0.7350444793701172, 0.7314682006835938, 0.7507801055908203, 0.8151531219482422, 0.8299350738525391, 0.7407665252685547, 0.7243156433105469, 0.7140636444091797, 0.7908344268798828, 0.7779598236083984, 