{"start": 1546155058.8977568, "timings": [0.6301403045654297, 0.4444122314453125, 33.72025489807129, 19.25349235534668, 3.276348114013672, 40.56978225708008, 16.281604766845703, 13.496160507202148, 9.392499923706055, 15.720605850219727, 9.716510772705078, 15.968084335327148, 11.168956756591797, 36.39340400695801, 12.817144393920898, 24.37424659729004, 9.519100189208984, 15.24972915649414, 2.115488052368164, 16.499757766723633, 35.12835502624512, 21.717309951782227, 14.775753021240234, 6.339073181152344, 29.98065948486328, 4.223823547363281, 15.640735626220703, 2.5589466094970703, 37.590742111206055, 16.63064956665039, 10.773181915283203, 25.829076766967773, 3.5398006439208984, 20.18117904663086, 5.885124206542969, 45.56727409362793, 19.750356674194336, 14.034509658813477, 12.886524200439453, 9.542465209960938, 16.542911529541016, 9.52005386352539, 42.49978065490723, 14.187335968017578, 30.36189079284668, 29.644012451171875, 15.75469970703125, 46.03147506713867, 10.483503341674805, 16.787052154541016, 17.732620239257812, 14.598846435546875, 31.45146369934082, 16.277074813842773, 38.46263885498047, 21.463394165039062, 19.432783126831055, 10.774612426757812, 20.786046981811523, 10.977983474731445, 47.10197448730469, 8.99505615234375, 21.341323852539062, 9.57942008972168, 25.12383460998535, 36.28659248352051, 44.2202091217041, 29.42037582397461, 19.882917404174805, 32.86314010620117, 27.833223342895508, 45.80330848693848, 3.6275386810302734, 10.227203369140625, 18.990278244018555, 15.308141708374023, 22.298812866210938, 13.060331344604492, 27.819156646728516, 27.205228805541992, 17.89069175720215, 20.54452896118164, 16.724586486816406, 20.66946029663086, 53.92909049987793, 16.156673431396484, 10.443687438964844, 19.07491683959961, 19.333600997924805, 23.894786834716797, 49.634456634521484, 28.14006805419922, 17.960309982299805, 10.834932327270508, 17.597675323486328, 2.2957324981689453, 10.040283203125, 48.66528511047363, 14.05024528503418, 17.026901245117188, 21.05402946472168, 18.60642433166504, 34.574270248413086, 16.065359115600586, 13.273000717163086, 10.416746139526367, 12.731075286865234, 17.279624938964844, 9.481191635131836, 17.373085021972656, 37.812232971191406, 14.935493469238281, 23.149728775024414, 9.772777557373047, 14.041423797607422, 53.472280502319336, 9.104728698730469, 17.591476440429688, 14.165639877319336, 4.256010055541992, 24.956703186035156, 6.966829299926758, 18.890857696533203, 5.109310150146484, 37.73689270019531, 13.814449310302734, 23.54574203491211, 17.458677291870117, 9.42087173461914, 16.978740692138672, 38.774728775024414, 25.120258331298828, 15.44499397277832, 22.426128387451172, 9.60397720336914, 3.3621788024902344, 16.27969741821289, 9.960174560546875, 41.304588317871094, 2.6085376739501953, 11.079549789428711, 13.41104507446289, 13.540029525756836, 19.661664962768555, 9.167909622192383, 6.614208221435547, 43.49350929260254, 19.649505615234375, 17.055749893188477, 13.864278793334961, 19.845962524414062, 14.168262481689453, 44.06261444091797, 10.754108428955078, 20.55525779724121, 28.820037841796875, 25.486230850219727, 11.395454406738281, 41.07189178466797, 10.394096374511719, 21.04473114013672, 17.71378517150879, 10.486364364624023, 17.47870445251465, 10.920286178588867, 41.49913787841797, 10.760784149169922, 16.52216911315918, 2.1305084228515625, 9.16600227355957, 3.540515899658203, 15.084028244018555, 10.630607604980469, 2.258777618408203, 19.243240356445312, 46.02169990539551, 13.759136199951172, 21.725177764892578, 5.702018737792969, 23.985624313354492, 43.357133865356445, 10.45846939086914, 23.61130714416504, 3.7987232208251953, 18.29218864440918, 13.339042663574219, 10.15472412109375, 12.897491455078125, 43.29347610473633, 3.3311843872070312, 10.713338851928711, 23.998260498046875, 20.11394500732422, 2.485036849975586, 14.559030532836914, 18.924474716186523, 54.47578430175781, 17.08531379699707, 2.437591552734375, 9.51075553894043, 18.279314041137695, 10.231971740722656, 19.493579864501953, 7.924079895019531, 44.58451271057129, 7.945060729980469, 8.916854858398438, 20.937204360961914, 4.604339599609375, 25.19369125366211, 16.893625259399414, 2.696514129638672, 35.30550003051758, 15.537261962890625, 10.606527328491211, 17.513513565063477, 10.127782821655273, 6.710052490234375, 21.982431411743164, 41.3360595703125, 26.630640029907227, 17.743587493896484, 15.35654067993164, 17.780542373657227, 9.419441223144531, 45.696258544921875, 10.603189468383789, 17.76599884033203, 13.000726699829102, 24.096250534057617, 16.964197158813477, 9.260416030883789, 36.86046600341797, 5.540132522583008, 9.521007537841797, 16.936540603637695, 14.230012893676758, 13.370990753173828, 10.389089584350586, 19.743919372558594, 42.67287254333496, 18.248319625854492, 9.03940200805664, 17.961502075195312, 9.37652587890625, 18.47672462463379, 8.643865585327148, 7.507801055908203, 46.91314697265625, 7.472991943359375, 21.26789093017578, 19.500732421875, 9.565353393554688, 3.162384033203125, 16.36028289794922, 11.547088623046875, 38.384199142456055, 24.529457092285156, 12.093067169189453, 6.551027297973633, 14.143705368041992, 9.25445556640625, 13.68570327758789, 14.552593231201172, 46.72360420227051, 18.906831741333008, 19.626617431640625, 18.515586853027344, 2.658843994140625, 9.341955184936523, 2.6085376739501953, 41.19253158569336, 11.155843734741211, 18.346548080444336, 10.777473449707031, 22.544145584106445, 32.056331634521484, 2.103090286254883, 9.559869766235352, 5.563259124755859, 44.45028305053711, 24.715423583984375, 18.619298934936523, 8.72945785522461, 17.598628997802734, 2.812623977661133, 35.24208068847656, 16.24011993408203, 15.052556991577148, 19.109487533569336, 18.896818161010742, 14.549493789672852, 46.97418212890625, 16.067028045654297, 14.712095260620117, 18.242359161376953, 22.41826057434082, 12.876510620117188, 50.50325393676758, 18.84627342224121, 14.17994499206543, 19.447803497314453, 13.305902481079102, 20.82681655883789, 48.5837459564209, 16.618013381958008, 12.837886810302734, 17.52161979675293, 9.839534759521484, 26.81279182434082, 39.937734603881836, 15.03443717956543, 21.99530601501465, 15.532732009887695, 9.407758712768555, 17.175912857055664, 34.51895713806152, 18.07260513305664, 21.68107032775879, 14.386892318725586, 28.69701385498047, 2.1431446075439453, 48.514604568481445, 26.74698829650879, 3.3121109008789062, 10.137557983398438, 28.81002426147461, 9.983301162719727, 20.455598831176758, 48.453330993652344, 15.017032623291016, 20.51568031311035, 24.889230728149414, 15.371561050415039, 12.468338012695312, 50.33564567565918, 4.327058792114258, 15.09857177734375, 18.166780471801758, 15.735864639282227, 9.535789489746094, 24.605989456176758, 30.42435646057129, 15.300512313842773, 14.854669570922852, 13.00811767578125, 12.284517288208008, 14.962196350097656, 24.851322174072266, 3.15093994140625, 34.15656089782715, 21.94976806640625, 17.776966094970703, 25.773286819458008, 23.656845092773438, 44.58260536193848, 13.683557510375977, 14.187812805175781, 11.843681335449219, 15.961408615112305, 14.118432998657227, 22.3996639251709, 50.629377365112305, 10.913372039794922, 28.003454208374023, 20.609140396118164, 8.053064346313477, 20.987510681152344, 10.02192497253418, 48.6452579498291, 6.066083908081055, 17.382144927978516, 20.08819580078125, 13.763189315795898, 20.7521915435791, 46.32401466369629, 27.179718017578125, 17.374515533447266, 15.084266662597656, 14.164209365844727, 47.04904556274414, 25.83789825439453, 14.526605606079102, 12.551546096801758, 16.794443130493164, 2.6721954345703125, 49.76820945739746, 12.868165969848633, 23.171186447143555, 12.76397705078125, 13.178586959838867, 15.372514724731445, 5.631685256958008, 11.62409782409668, 42.56248474121094, 11.829614639282227, 21.980762481689453, 10.690450668334961, 21.02971076965332, 3.4542083740234375, 10.265111923217773, 20.90287208557129, 10.741710662841797, 3.123760223388672, 44.71087455749512, 13.949155807495117, 17.99631118774414, 9.75346565246582, 