{"start": 1546929281.294513, "timings": [5.719900131225586, 9.24372673034668, 8.501529693603516, 17.2421932220459, 8.38470458984375, 8.224964141845703, 8.5296630859375, 8.27169418334961, 8.055925369262695, 8.144855499267578, 10.855674743652344, 12.899398803710938, 8.447647094726562, 8.201360702514648, 8.322715759277344, 9.677648544311523, 8.566141128540039, 9.929418563842773, 9.557723999023438, 8.743524551391602, 8.699417114257812, 8.477449417114258, 9.15837287902832, 11.180639266967773, 8.882522583007812, 8.318424224853516, 18.5391902923584, 9.714603424072266, 8.682489395141602, 9.122848510742188, 8.862495422363281, 10.031700134277344, 12.727022171020508, 8.919239044189453, 8.243322372436523, 8.232355117797852, 8.208036422729492, 8.668661117553711, 13.884544372558594, 8.598804473876953, 8.42595100402832, 8.453607559204102, 11.41357421875, 8.658170700073242, 8.284568786621094, 8.372306823730469, 8.899450302124023, 8.659124374389648, 8.626937866210938, 7.64918327331543, 7.48753547668457, 16.308069229125977, 7.407903671264648, 7.652521133422852, 7.627964019775391, 7.491827011108398, 7.633686065673828, 7.527589797973633, 7.807731628417969, 7.225275039672852, 8.052349090576172, 8.281469345092773, 7.75146484375, 7.652044296264648, 7.569789886474609, 7.740497589111328, 7.777929306030273, 7.696866989135742, 7.34400749206543, 9.092569351196289, 7.495403289794922, 9.687662124633789, 7.443428039550781, 7.790565490722656, 7.521867752075195, 7.418394088745117, 7.456064224243164, 7.844686508178711, 7.766485214233398, 7.644176483154297, 7.543325424194336, 7.5511932373046875, 7.500171661376953, 9.336709976196289, 7.340192794799805, 13.265848159790039, 7.575750350952148, 7.427692413330078, 7.399559020996094, 7.912397384643555, 7.372856140136719, 7.719278335571289, 7.568359375, 7.32421875, 7.391214370727539, 7.614612579345703, 12.349367141723633, 8.318901062011719, 7.509708404541016, 8.056879043579102, 8.045434951782227, 8.495569229125977, 23.023366928100586, 8.076667785644531, 8.206367492675781, 7.428884506225586, 7.780790328979492, 8.298873901367188, 7.58814811706543, 10.421276092529297, 7.385015487670898, 7.644176483154297, 8.065462112426758, 8.572578430175781, 15.54727554321289, 18.000125885009766, 7.83991813659668, 7.442712783813477, 8.076190948486328, 7.380485534667969, 7.573366165161133, 17.54474639892578, 8.311271667480469, 7.507085800170898, 7.300138473510742, 7.596492767333984, 20.34735679626465, 8.079051971435547, 7.667779922485352, 7.681608200073242, 7.5130462646484375, 7.543802261352539, 7.353067398071289, 7.721662521362305, 7.904529571533203, 7.95745849609375, 7.696628570556641, 7.689714431762695, 7.34257698059082, 7.746458053588867, 7.645368576049805, 7.793903350830078, 7.668972015380859, 7.334232330322266, 7.449150085449219, 7.5550079345703125, 7.797718048095703, 7.366180419921875, 7.477283477783203, 23.911476135253906, 7.668256759643555, 7.346391677856445, 15.520095825195312, 8.528470993041992, 7.519245147705078, 10.244607925415039, 7.817506790161133, 7.364511489868164, 8.113622665405273, 7.847070693969727, 7.393121719360352, 7.796287536621094, 7.544755935668945, 7.794380187988281, 7.6751708984375, 7.429361343383789, 7.67207145690918, 12.047052383422852, 7.760763168334961, 7.383823394775391, 8.779525756835938, 7.812023162841797, 20.38097381591797, 7.74073600769043, 7.647275924682617, 7.399797439575195, 7.782697677612305, 7.987022399902344, 7.666349411010742, 7.883310317993164, 8.38327407836914, 7.857084274291992, 16.9680118560791, 8.033990859985352, 7.571697235107422, 15.430212020874023, 8.249044418334961, 7.933139801025391, 8.303165435791016, 7.430315017700195, 8.339405059814453, 7.469654083251953, 7.943153381347656, 8.037805557250977, 14.215707778930664, 7.694244384765625, 7.691860198974609, 7.914066314697266, 7.906198501586914, 7.559776306152344, 9.860992431640625, 7.955789566040039, 8.648157119750977, 7.646083831787109, 21.170854568481445, 7.712602615356445, 7.972002029418945, 7.691144943237305, 7.391929626464844, 8.338212966918945, 7.821321487426758, 8.212804794311523, 8.581399917602539, 8.763551712036133, 8.35108757019043, 9.453773498535156, 8.762598037719727, 8.335351943969727, 9.466886520385742, 7.800579071044922, 7.9326629638671875, 9.81450080871582, 8.795499801635742, 9.351491928100586, 8.722782135009766, 7.8277587890625, 10.034322738647461, 10.75887680053711, 8.987903594970703, 9.073495864868164, 8.636713027954102, 7.85064697265625, 7.476568222045898, 16.62445068359375, 8.383989334106445, 7.968425750732422, 7.947444915771484, 7.62486457824707, 7.276058197021484, 7.701635360717773, 7.857322692871094, 7.599353790283203, 7.646799087524414, 7.474422454833984, 7.465839385986328, 7.322788238525391, 14.001131057739258, 7.606029510498047, 7.384300231933594, 7.663965225219727, 7.339000701904297, 7.984161376953125, 7.740974426269531, 13.257265090942383, 7.937431335449219, 7.573127746582031, 7.704257965087891, 7.394075393676758, 15.38538932800293, 23.059368133544922, 7.704257965087891, 7.743120193481445, 7.7495574951171875, 7.419109344482422, 7.732868194580078, 7.915019989013672, 7.735967636108398, 8.837223052978516, 7.649421691894531, 7.914066314697266, 7.306814193725586, 7.666349411010742, 8.031368255615234, 7.400989532470703, 7.604122161865234, 7.965087890625, 7.480382919311523, 7.851362228393555, 7.610559463500977, 8.011102676391602, 7.526159286499023, 7.46464729309082, 7.735729217529297, 7.417201995849609, 7.738590240478516, 7.729530334472656, 12.59613037109375, 8.571624755859375, 7.391452789306641, 7.414102554321289, 7.562398910522461, 7.5016021728515625, 7.6465606689453125, 7.86590576171875, 7.43865966796875, 7.274627685546875, 7.874011993408203, 7.832527160644531, 11.368274688720703, 15.238523483276367, 7.657766342163086, 8.047103881835938, 7.554531097412109, 7.493734359741211, 7.707834243774414, 7.5511932373046875, 7.69805908203125, 8.018732070922852, 8.144378662109375, 7.219791412353516, 18.178224563598633, 7.6503753662109375, 15.534639358520508, 7.989168167114258, 7.749080657958984, 7.927894592285156, 8.25643539428711, 8.673906326293945, 8.782148361206055, 8.692741394042969, 8.811473846435547, 9.63282585144043, 7.945775985717773, 9.251594543457031, 8.815765380859375, 8.507966995239258, 10.599613189697266, 9.165763854980469, 8.481025695800781, 9.23299789428711, 11.731624603271484, 9.560108184814453, 12.014627456665039, 8.608579635620117, 8.165597915649414, 7.744312286376953, 7.771730422973633, 7.560968399047852, 8.177995681762695, 7.3909759521484375, 7.893085479736328, 8.231878280639648, 7.908821105957031, 8.065938949584961, 9.260892868041992, 9.378671646118164, 10.350704193115234, 9.354114532470703, 8.829832077026367, 9.17196273803711, 7.633686065673828, 7.943391799926758, 7.530450820922852, 8.105278015136719, 7.483720779418945, 17.31419563293457, 7.607936859130859, 7.535696029663086, 7.565021514892578, 7.337093353271484, 7.791042327880859, 7.558584213256836, 13.543128967285156, 7.814168930053711, 7.634878158569336, 15.698671340942383, 7.776021957397461, 7.392644882202148, 7.63249397277832, 7.397174835205078, 7.42793083190918, 10.711669921875, 7.70258903503418, 7.558107376098633, 8.963584899902344, 7.425546646118164, 7.511377334594727, 7.307291030883789, 10.101556777954102, 7.693052291870117, 7.283449172973633, 15.06495475769043, 7.790565490722656, 7.549047470092773, 7.396221160888672, 10.744571685791016, 7.417201995849609, 7.8716278076171875, 7.3604583740234375, 7.506847381591797, 8.12077522277832, 7.51042366027832, 10.652303695678711, 15.576839447021484, 7.5435638427734375, 7.409572601318359, 7.241010665893555, 7.869958877563477, 7.5168609619140625, 7.531881332397461, 7.206916809082031, 10.358810424804688, 7.396221160888672, 7.448673248291016, 7.441043853759766, 7.255792617797852, 7.510900497436523, 7.930994033813477, 7.375955581665039, 7.192850112915039, 7.453441619873047, 7.426738739013672, 13.20195198059082, 18.945693969726562, 7.336854934692383, 7.489919662475586, 7.382631301879883, 9.551525115966797, 8.538007736206055, 