{"start": 1546928961.51977, "timings": [458.8751792907715, 394.9563503265381, 472.11742401123047, 347.9936122894287, 505.12242317199707, 371.51241302490234, 440.49811363220215, 440.5806064605713, 435.35804748535156, 414.7067070007324, 311.4047050476074, 527.6780128479004, 354.9661636352539, 498.84533882141113, 367.2332763671875, 446.0322856903076, 385.2417469024658, 519.5140838623047, 367.1102523803711, 519.3109512329102, 348.19626808166504, 354.84981536865234, 531.4631462097168, 331.53462409973145, 483.52575302124023, 359.04884338378906, 373.45170974731445, 504.4217109680176, 346.9259738922119, 512.0728015899658, 347.0432758331299, 440.5643939971924, 393.2762145996094, 534.1496467590332, 323.8406181335449, 369.0783977508545, 482.1627140045166, 421.1544990539551, 370.5582618713379, 391.1716938018799, 569.9963569641113, 336.87901496887207, 462.7070426940918, 375.12707710266113, 342.7882194519043, 480.0891876220703, 341.7925834655762, 474.6406078338623, 399.2505073547363, 484.54880714416504, 397.8443145751953, 437.23368644714355, 380.6905746459961, 490.4294013977051, 378.10397148132324, 359.65991020202637, 494.736909866333, 356.1241626739502, 463.06586265563965, 362.7595901489258, 576.0617256164551, 307.13486671447754, 367.6180839538574, 591.240644454956, 319.8881149291992, 469.8455333709717, 378.1452178955078, 483.7007522583008, 413.2041931152344, 463.10925483703613, 480.8919429779053, 380.389928817749, 377.1405220031738, 384.5798969268799, 456.85887336730957, 407.0253372192383, 475.01158714294434, 369.79222297668457, 543.5400009155273, 342.76866912841797, 482.59568214416504, 400.1884460449219, 351.5920639038086, 474.2915630340576, 385.00428199768066, 498.4447956085205, 334.362268447876, 485.87918281555176, 377.2904872894287, 559.6115589141846, 331.26306533813477, 367.15149879455566, 494.1380023956299, 373.9626407623291, 480.4999828338623, 365.31519889831543, 487.12968826293945, 439.7873878479004, 416.05234146118164, 390.9327983856201, 498.9361763000488, 338.5608196258545, 393.0184841156006, 507.98511505126953, 381.5345764160156, 481.0035228729248, 375.9348392486572, 477.0171642303467, 371.2894916534424, 472.5956916809082, 352.4131774902344, 430.5901527404785, 461.8978500366211, 460.7737064361572, 385.58435440063477, 404.5977592468262, 489.0756607055664, 360.42284965515137, 359.00425910949707, 486.45687103271484, 356.1413288116455, 574.770450592041, 317.20829010009766, 468.9812660217285, 367.1286106109619, 497.76315689086914, 348.54698181152344, 403.35774421691895, 506.9746971130371, 364.3958568572998, 503.54504585266113, 320.3248977661133, 509.56153869628906, 439.18538093566895, 404.99305725097656, 391.80994033813477, 491.02783203125, 405.92503547668457, 337.2201919555664, 536.8201732635498, 428.96413803100586, 423.08878898620605, 379.06718254089355, 457.0486545562744, 380.7187080383301, 460.25609970092773, 357.26404190063477, 552.4959564208984, 305.91416358947754, 367.56086349487305, 459.4898223876953, 395.6618309020996, 476.4368534088135, 369.8079586029053, 466.95852279663086, 347.97072410583496, 376.8136501312256, 489.16077613830566, 347.1522331237793, 506.96682929992676, 366.5297031402588, 476.29857063293457, 420.61328887939453, 436.4643096923828, 388.94128799438477, 365.18001556396484, 505.6767463684082, 539.0737056732178, 283.73241424560547, 437.15858459472656, 437.0718002319336, 356.90832138061523, 459.74016189575195, 368.49069595336914, 531.9674015045166, 377.5637149810791, 386.6312503814697, 476.529598236084, 368.0837154388428, 479.28833961486816, 426.5480041503906, 427.03723907470703, 380.8403015136719, 461.10057830810547, 375.4615783691406, 363.27552795410156, 458.1162929534912, 403.17344665527344, 506.9413185119629, 345.9029197692871, 501.94525718688965, 369.17853355407715, 483.6568832397461, 416.2280559539795, 302.66761779785156, 532.2329998016357, 321.9943046569824, 480.47471046447754, 360.40806770324707, 545.6900596618652, 350.65388679504395, 471.9996452331543, 395.76101303100586, 338.9146327972412, 489.06636238098145, 356.2026023864746, 566.7576789855957, 314.08190727233887, 447.5293159484863, 476.29380226135254, 417.2663688659668, 359.85589027404785, 520.4148292541504, 344.4628715515137, 396.24929428100586, 513.585090637207, 339.9825096130371, 473.79279136657715, 363.56258392333984, 477.6873588562012, 341.41063690185547, 379.6219825744629, 482.20372200012207, 325.7565498352051, 522.9005813598633, 416.8996810913086, 488.33346366882324, 362.29825019836426, 498.5787868499756, 377.14457511901855, 363.2054328918457, 574.495792388916, 312.1476173400879, 512.8240585327148, 371.7811107635498, 513.6659145355225, 375.54121017456055, 482.04755783081055, 387.85719871520996, 375.1506805419922, 490.7872676849365, 356.095552444458, 480.68809509277344, 480.1902770996094, 378.15046310424805, 478.5757064819336, 412.77241706848145, 367.2833442687988, 526.0963439941406, 366.12391471862793, 383.6796283721924, 478.21760177612305, 360.0773811340332, 483.9808940887451, 421.6046333312988, 429.9895763397217, 382.7342987060547, 470.2911376953125, 384.31262969970703, 338.9561176300049, 482.8951358795166, 405.47847747802734, 452.6381492614746, 388.78750801086426, 497.955322265625, 356.0600280761719, 460.2179527282715, 360.69679260253906, 346.41146659851074, 487.8573417663574, 368.6344623565674, 498.2132911682129, 403.07164192199707, 470.92747688293457, 364.3307685852051, 563.6417865753174, 335.2344036102295, 381.70456886291504, 478.75165939331055, 362.5195026397705, 524.5904922485352, 367.0520782470703, 479.231595993042, 367.6717281341553, 538.5818481445312, 324.16844367980957, 413.68913650512695, 465.3973579406738, 391.0810947418213, 488.91329765319824, 345.1251983642578, 554.7480583190918, 294.44122314453125, 473.21581840515137, 467.6032066345215, 308.7625503540039, 478.3971309661865, 396.9464302062988, 513.6687755584717, 360.71109771728516, 515.3179168701172, 422.98340797424316, 550.3668785095215, 292.6168441772461, 369.1744804382324, 508.6958408355713, 342.4720764160156, 480.50498962402344, 403.16247940063477, 489.7336959838867, 411.0746383666992, 485.78953742980957, 320.2333450317383, 352.0855903625488, 502.02274322509766, 384.829044342041, 481.84728622436523, 412.7340316772461, 429.3677806854248, 338.91844749450684, 538.0256175994873, 350.0688076019287, 537.7197265625, 311.1987113952637, 419.919490814209, 438.02499771118164, 374.0851879119873, 483.89625549316406, 378.25751304626465, 465.1205539703369, 389.79077339172363, 484.4317436218262, 366.69301986694336, 397.6171016693115, 503.10635566711426, 387.0832920074463, 469.87128257751465, 371.8681335449219, 503.0789375305176, 344.2957401275635, 518.5599327087402, 351.99546813964844, 406.48627281188965, 477.6139259338379, 361.53268814086914, 554.2583465576172, 353.20234298706055, 481.8274974822998, 371.0792064666748, 466.3374423980713, 468.4603214263916, 276.96967124938965, 506.25038146972656, 356.80532455444336, 493.1325912475586, 365.83495140075684, 471.1282253265381, 360.9497547149658, 470.3199863433838, 358.24012756347656, 505.5379867553711, 343.7223434448242, 375.95415115356445, 468.6744213104248, 358.07108879089355, 485.9757423400879, 357.62929916381836, 499.2086887359619, 408.3883762359619, 383.96430015563965, 532.9406261444092, 306.11705780029297, 567.8369998931885, 324.0678310394287, 587.4195098876953, 337.2204303741455, 519.3169116973877, 330.9009075164795, 373.98838996887207, 457.83185958862305, 386.02161407470703, 512.1979713439941, 399.07026290893555, 563.166618347168, 341.8252468109131, 496.8993663787842, 397.2134590148926, 363.8601303100586, 482.696533203125, 438.63844871520996, 400.45857429504395, 411.18645668029785, 456.8626880645752, 397.8090286254883, 443.326473236084, 370.74947357177734, 540.9719944000244, 358.0632209777832, 352.8778553009033, 544.1327095031738, 303.0064105987549, 455.8248519897461, 343.98961067199707, 503.97419929504395, 378.94749641418457, 491.9552803039551, 376.0497570037842, 533.832311630249, 311.1834526062012, 363.93284797668457, 476.06897354125977, 387.005090713501,