{"start": 1546928539.2106664, "timings": [7.364511489868164, 21.777868270874023, 30.153989791870117, 16.98613166809082, 35.89320182800293, 32.332420349121094, 33.48422050476074, 17.84229278564453, 21.870136260986328, 32.58109092712402, 18.7528133392334, 33.45465660095215, 30.01689910888672, 25.743961334228516, 23.761510848999023, 26.838064193725586, 31.07166290283203, 28.666257858276367, 41.2898063659668, 22.942781448364258, 27.438879013061523, 47.44148254394531, 31.164169311523438, 31.3873291015625, 26.09872817993164, 25.288820266723633, 32.36842155456543, 29.56080436706543, 36.942243576049805, 27.241230010986328, 41.46981239318848, 27.025699615478516, 27.05216407775879, 27.106285095214844, 24.16205406188965, 28.911352157592773, 25.61664581298828, 34.182071685791016, 30.76934814453125, 41.55302047729492, 29.808521270751953, 26.813983917236328, 24.944543838500977, 25.516510009765625, 26.931285858154297, 47.33610153198242, 30.962228775024414, 22.710800170898438, 22.60875701904297, 49.57175254821777, 22.221088409423828, 29.41298484802246, 28.63144874572754, 31.950712203979492, 30.693769454956055, 34.58547592163086, 26.58390998840332, 28.74279022216797, 31.240463256835938, 25.419235229492188, 26.15046501159668, 36.57412528991699, 24.52874183654785, 28.809547424316406, 25.384902954101562, 27.733802795410156, 34.596920013427734, 20.10178565979004, 24.858951568603516, 32.201528549194336, 28.744220733642578, 20.02739906311035, 33.39505195617676, 28.409957885742188, 35.04776954650879, 28.047561645507812, 32.49406814575195, 25.66838264465332, 27.65178680419922, 28.653383255004883, 36.917686462402344, 24.870634078979492, 25.059938430786133, 26.385068893432617, 29.206275939941406, 42.96565055847168, 33.9655876159668, 29.80947494506836, 27.485132217407227, 31.75806999206543, 29.465198516845703, 26.01766586303711, 33.670902252197266, 31.419038772583008, 25.811433792114258, 20.61176300048828, 30.434370040893555, 25.61330795288086, 24.017810821533203, 31.836986541748047, 24.155378341674805, 38.54084014892578, 53.315162658691406, 50.549983978271484, 56.54501914978027, 44.57974433898926, 49.48139190673828, 55.818796157836914, 45.53627967834473, 57.24930763244629, 54.633378982543945, 45.77064514160156, 55.61327934265137, 59.54265594482422, 49.141883850097656, 46.61202430725098, 48.2020378112793, 53.308725357055664, 48.13718795776367, 54.6262264251709, 72.59631156921387, 68.85647773742676, 49.042463302612305, 51.766157150268555, 50.69756507873535, 63.30394744873047, 54.689884185791016, 55.623531341552734, 57.75809288024902, 46.315670013427734, 42.57631301879883, 55.05847930908203, 49.488067626953125, 58.51149559020996, 39.939165115356445, 43.12753677368164, 51.576852798461914, 42.61517524719238, 49.08108711242676, 55.75704574584961, 49.432992935180664, 69.46754455566406, 45.68767547607422, 46.591758728027344, 48.32649230957031, 47.28555679321289, 50.24147033691406, 51.73802375793457, 55.017948150634766, 58.595895767211914, 47.55759239196777, 53.55334281921387, 51.40805244445801, 55.328369140625, 45.27902603149414, 36.190032958984375, 56.656599044799805, 83.38522911071777, 46.187639236450195, 44.591426849365234, 52.91604995727539, 58.142662048339844, 53.53999137878418, 53.987979888916016, 48.662662506103516, 45.223236083984375, 42.29879379272461, 63.44032287597656, 51.577091217041016, 47.803401947021484, 52.81233787536621, 45.4864501953125, 56.53548240661621, 69.71216201782227, 46.053409576416016, 53.05624008178711, 47.582149505615234, 56.05292320251465, 53.955078125, 55.843353271484375, 46.027183532714844, 55.51576614379883, 48.64501953125, 45.68076133728027, 42.8318977355957, 54.003238677978516, 57.85965919494629, 65.51933288574219, 52.08325386047363, 40.94433784484863, 45.20225524902344, 51.98955535888672, 52.788734436035156, 46.838998794555664, 58.19511413574219, 45.94016075134277, 36.483049392700195, 67.43335723876953, 57.611703872680664, 55.03201484680176, 52.14524269104004, 47.09267616271973, 48.68578910827637, 43.69235038757324, 57.50012397766113, 45.60279846191406, 41.94951057434082, 51.89990997314453, 48.18558692932129, 68.23968887329102, 44.17538642883301, 49.87525939941406, 50.57787895202637, 47.310590744018555, 48.898935317993164, 47.910451889038086, 61.18965148925781, 48.29668998718262, 37.7507209777832, 48.83527755737305, 52.54769325256348, 46.20957374572754, 64.33296203613281, 54.09526824951172, 50.5983829498291, 48.65694046020508, 68.9234733581543, 54.24666404724121, 55.709123611450195, 55.60898780822754, 41.50581359863281, 45.0439453125, 41.23640060424805, 51.519155502319336, 44.68059539794922, 43.474674224853516, 54.97264862060547, 50.455570220947266, 45.064449310302734, 49.710988998413086, 52.40917205810547, 50.74596405029297, 52.24347114562988, 48.273563385009766, 45.97187042236328, 54.34870719909668, 42.624711990356445, 52.147865295410156, 45.08090019226074, 43.51305961608887, 54.054975509643555, 56.11014366149902, 42.196035385131836, 49.55434799194336, 45.22967338562012, 53.22265625, 52.73938179016113, 44.10552978515625, 47.26672172546387, 51.477670669555664, 42.6180362701416, 45.81499099731445, 67.57211685180664, 47.940969467163086, 47.684669494628906, 42.8166389465332, 33.56766700744629, 43.9145565032959, 56.754350662231445, 46.95892333984375, 53.32136154174805, 43.52736473083496, 54.91924285888672, 43.47348213195801, 61.1724853515625, 46.994686126708984, 50.627946853637695, 42.267799377441406, 56.67543411254883, 48.513174057006836, 51.404714584350586, 48.89941215515137, 48.455238342285156, 47.255516052246094, 41.53037071228027, 47.006845474243164, 47.12796211242676, 58.802127838134766, 56.63013458251953, 42.11759567260742, 44.36683654785156, 45.35841941833496, 44.519901275634766, 46.89764976501465, 57.20210075378418, 47.8968620300293, 43.29681396484375, 53.6341667175293, 47.992706298828125, 53.399085998535156, 44.67511177062988, 52.25372314453125, 46.32115364074707, 38.785696029663086, 44.49772834777832, 47.338008880615234, 40.45534133911133, 49.03006553649902, 40.37642478942871, 55.129289627075195, 51.41568183898926, 51.42474174499512, 41.553497314453125, 45.16172409057617, 41.75734519958496, 48.168182373046875, 49.80897903442383, 43.012380599975586, 52.06942558288574, 52.132606506347656, 45.430898666381836, 49.259185791015625, 57.83987045288086, 50.614356994628906, 53.50208282470703, 55.03273010253906, 55.29642105102539, 53.847312927246094, 46.19622230529785, 65.27853012084961, 33.18953514099121, 31.542301177978516, 44.03853416442871, 44.79670524597168, 44.16704177856445, 43.163299560546875, 50.79507827758789, 50.49610137939453, 51.47981643676758, 43.30611228942871, 44.62003707885742, 44.565677642822266, 61.440229415893555, 49.655914306640625, 46.03004455566406, 44.302940368652344, 54.47840690612793, 51.85055732727051, 44.75522041320801, 45.202016830444336, 57.06977844238281, 49.396514892578125, 58.35771560668945, 52.02484130859375, 48.865318298339844, 58.67743492126465, 47.06597328186035, 42.57941246032715, 44.066429138183594, 45.02534866333008, 50.006866455078125, 41.080474853515625, 48.679351806640625, 48.54893684387207, 46.75912857055664, 43.207406997680664, 58.50410461425781, 52.193403244018555, 44.005632400512695, 45.621633529663086, 63.13514709472656, 42.21153259277344, 53.21669578552246, 49.6063232421875, 49.99995231628418, 53.508758544921875, 49.75628852844238, 45.20297050476074, 46.29254341125488, 44.3265438079834, 81.4366340637207, 47.58763313293457, 48.55632781982422, 47.50418663024902, 56.99610710144043, 43.1821346282959, 47.089576721191406, 60.788869857788086, 65.62185287475586, 57.662010192871094, 40.17782211303711, 46.95558547973633, 54.41641807556152, 42.07420349121094, 49.47638511657715, 43.96677017211914, 42.88959503173828, 43.126583099365234, 44.11959648132324, 45.343637466430664, 69.05412673950195, 44.38376426696777, 49.50308799743652, 53.038835525512695, 45.255422592163086, 50.32849311828613, 41.576385498046875, 53.974151611328125, 51.41496658325195, 46.60463333129883, 67.86394119262695, 46.633243560791016, 