{"start": 1546928490.3731465, "timings": [7.021188735961914, 47.18279838562012, 30.598163604736328, 34.905195236206055, 31.116008758544922, 33.72383117675781, 30.02309799194336, 27.005672454833984, 28.512954711914062, 29.89506721496582, 30.15446662902832, 47.91903495788574, 47.15704917907715, 42.65332221984863, 48.76875877380371, 49.207448959350586, 57.0833683013916, 49.13949966430664, 52.48570442199707, 60.91189384460449, 39.25204277038574, 56.40006065368652, 59.761762619018555, 45.166015625, 45.455217361450195, 41.06545448303223, 44.94428634643555, 43.16210746765137, 55.78303337097168, 38.38062286376953, 44.79861259460449, 47.15418815612793, 42.10615158081055, 58.91299247741699, 38.67602348327637, 42.92464256286621, 41.47529602050781, 43.08342933654785, 36.742210388183594, 38.85674476623535, 39.63327407836914, 49.33285713195801, 46.556711196899414, 47.72377014160156, 43.75767707824707, 43.44010353088379, 38.61856460571289, 41.10574722290039, 31.926393508911133, 34.53373908996582, 49.06272888183594, 38.09213638305664, 33.97321701049805, 42.81806945800781, 36.61608695983887, 47.8205680847168, 38.22612762451172, 40.30156135559082, 34.816741943359375, 41.61834716796875, 41.99671745300293, 37.22977638244629, 38.61284255981445, 40.3904914855957, 36.13090515136719, 35.2330207824707, 46.94104194641113, 37.55450248718262, 36.393165588378906, 47.21808433532715, 39.40701484680176, 39.25275802612305, 23.3001708984375, 41.72110557556152, 41.0003662109375, 40.995121002197266, 37.223100662231445, 44.519662857055664, 44.82698440551758, 44.88086700439453, 41.36347770690918, 40.13824462890625, 30.00807762145996, 50.76718330383301, 34.27863121032715, 34.979820251464844, 34.2254638671875, 40.91215133666992, 48.59352111816406, 56.34880065917969, 36.571502685546875, 38.54489326477051, 42.853593826293945, 40.140390396118164, 37.384748458862305, 39.85905647277832, 43.53666305541992, 37.22023963928223, 44.14081573486328, 34.30318832397461, 37.13202476501465, 60.60433387756348, 58.4721565246582, 54.69036102294922, 53.92909049987793, 66.92147254943848, 56.149959564208984, 61.14935874938965, 49.623727798461914, 54.21614646911621, 69.6265697479248, 56.653499603271484, 52.97088623046875, 64.42785263061523, 58.53009223937988, 58.48073959350586, 54.55970764160156, 58.58874320983887, 59.51714515686035, 54.030418395996094, 47.832489013671875, 58.75754356384277, 51.891326904296875, 60.70899963378906, 46.18096351623535, 61.66481971740723, 58.15577507019043, 57.04522132873535, 54.63671684265137, 47.32680320739746, 47.841548919677734, 58.8839054107666, 70.69969177246094, 68.99189949035645, 65.09232521057129, 52.00910568237305, 62.857866287231445, 50.057172775268555, 64.10574913024902, 46.781063079833984, 53.06839942932129, 47.484397888183594, 60.440778732299805, 62.12162971496582, 51.62835121154785, 52.912235260009766, 64.29529190063477, 41.167259216308594, 52.20627784729004, 46.71120643615723, 47.56975173950195, 47.23024368286133, 48.78640174865723, 45.93658447265625, 48.81405830383301, 58.5169792175293, 53.35259437561035, 49.27206039428711, 50.31847953796387, 55.036067962646484, 49.561262130737305, 43.83659362792969, 60.80126762390137, 53.009748458862305, 47.52182960510254, 46.473026275634766, 47.05071449279785, 51.947593688964844, 58.68935585021973, 51.3606071472168, 57.79242515563965, 50.5828857421875, 46.93126678466797, 48.73371124267578, 43.290138244628906, 57.39784240722656, 62.55674362182617, 47.47629165649414, 47.43170738220215, 48.14791679382324, 50.234317779541016, 46.80037498474121, 54.3370246887207, 70.80698013305664, 55.59086799621582, 44.03328895568848, 55.18960952758789, 47.23834991455078, 47.55711555480957, 49.79133605957031, 52.81376838684082, 49.01123046875, 45.98808288574219, 47.36447334289551, 54.414987564086914, 48.35343360900879, 63.831329345703125, 57.33323097229004, 39.750099182128906, 54.056644439697266, 49.73268508911133, 48.38156700134277, 56.07724189758301, 54.37445640563965, 54.40545082092285, 52.18648910522461, 43.462514877319336, 46.85091972351074, 44.135332107543945, 49.576759338378906, 42.9224967956543, 59.540748596191406, 51.68414115905762, 46.14090919494629, 46.76699638366699, 47.41716384887695, 44.957637786865234, 54.332733154296875, 50.35114288330078, 52.24895477294922, 47.92165756225586, 56.38265609741211, 48.148155212402344, 42.838096618652344, 55.794715881347656, 51.68485641479492, 47.49941825866699, 51.11384391784668, 42.97208786010742, 48.94518852233887, 60.20832061767578, 49.19886589050293, 52.84762382507324, 57.19304084777832, 51.984548568725586, 60.769081115722656, 48.55656623840332, 46.79155349731445, 50.14824867248535, 47.01495170593262, 55.66000938415527, 59.53812599182129, 55.36842346191406, 43.50709915161133, 50.510406494140625, 50.7967472076416, 52.81710624694824, 44.91162300109863, 44.39997673034668, 47.6994514465332, 52.618980407714844, 39.11948204040527, 48.13647270202637, 44.587135314941406, 52.86002159118652, 65.39773941040039, 53.26700210571289, 58.40444564819336, 44.159650802612305, 44.00277137756348, 48.095703125, 44.07787322998047, 55.295467376708984, 48.93827438354492, 75.81686973571777, 56.96892738342285, 44.40426826477051, 55.44924736022949, 51.59711837768555, 53.896188735961914, 45.507192611694336, 53.62534523010254, 50.357818603515625, 51.97286605834961, 53.70736122131348, 43.80679130554199, 43.207645416259766, 56.03194236755371, 56.36119842529297, 40.29965400695801, 41.88823699951172, 48.3555793762207, 54.73446846008301, 50.59933662414551, 56.554555892944336, 54.02374267578125, 53.9858341217041, 48.07090759277344, 41.7330265045166, 58.556556701660156, 55.58300018310547, 64.92161750793457, 62.720537185668945, 43.219566345214844, 50.69398880004883, 49.94344711303711, 47.547101974487305, 46.15020751953125, 41.98265075683594, 53.15542221069336, 47.73569107055664, 44.93904113769531, 49.33762550354004, 44.707298278808594, 49.69978332519531, 44.99387741088867, 55.25016784667969, 54.43739891052246, 53.92909049987793, 43.494224548339844, 40.781497955322266, 37.40549087524414, 54.26359176635742, 46.86546325683594, 46.35500907897949, 52.60825157165527, 44.37112808227539, 44.113874435424805, 37.09101676940918, 58.03227424621582, 52.67500877380371, 44.47126388549805, 48.804283142089844, 49.669504165649414, 55.37605285644531, 45.67098617553711, 41.806697845458984, 44.92831230163574, 43.45846176147461, 45.40896415710449, 61.36345863342285, 48.47311973571777, 69.33093070983887, 41.38064384460449, 48.72488975524902, 46.99540138244629, 54.51202392578125, 57.53278732299805, 51.328182220458984, 47.55234718322754, 51.05710029602051, 37.74905204772949, 53.624868392944336, 56.020259857177734, 43.63822937011719, 51.17034912109375, 44.205427169799805, 43.753623962402344, 57.811737060546875, 42.92583465576172, 44.12555694580078, 63.28845024108887, 61.51127815246582, 48.380374908447266, 45.75157165527344, 53.96389961242676, 46.563148498535156, 42.86551475524902, 39.87836837768555, 56.77151679992676, 49.65519905090332, 47.79553413391113, 46.4019775390625, 43.944358825683594, 55.92775344848633, 52.443742752075195, 44.728994369506836, 38.56706619262695, 47.13129997253418, 50.87447166442871, 48.96974563598633, 56.40554428100586, 54.77118492126465, 52.44803428649902, 50.68016052246094, 44.14963722229004, 53.777456283569336, 46.20862007141113, 54.87394332885742, 47.99151420593262, 41.95880889892578, 41.9309139251709, 50.23670196533203, 48.76995086669922, 49.33285713195801, 49.20601844787598, 45.97067832946777, 47.84512519836426, 57.442426681518555, 44.51465606689453, 45.01700401306152, 54.03566360473633, 62.754154205322266, 41.915178298950195, 52.11997032165527, 44.87323760986328, 44.051408767700195, 55.66525459289551, 45.13072967529297, 47.513723373413086, 42.68598556518555, 44.03185844421387, 52.81949043273926, 44.525146484375, 52.876949310302734, 59.42511558532715, 52.26254463195801, 53.26223373413086, 46.502113342285156, 49.34501647949219, 58.31265449523926, 42.51813888549805, 54.9921989440918, 46.04387283325195, 69.30017471313477, 