{"start": 1546155015.601669, "timings": [0.8504390716552734, 3.9021968841552734, 3.4208297729492188, 3.5321712493896484, 5.153656005859375, 3.5626888275146484, 5.524635314941406, 3.490447998046875, 3.8042068481445312, 4.211902618408203, 4.502296447753906, 6.665945053100586, 6.531000137329102, 5.878448486328125, 5.255460739135742, 5.380868911743164, 5.210638046264648, 6.178855895996094, 3.603696823120117, 5.101442337036133, 6.561756134033203, 4.482507705688477, 5.395412445068359, 6.163597106933594, 2.985715866088867, 6.185293197631836, 4.90117073059082, 4.8370361328125, 4.802227020263672, 6.817340850830078, 4.508256912231445, 5.181789398193359, 6.449460983276367, 4.512786865234375, 6.820917129516602, 4.078865051269531, 4.883527755737305, 5.23066520690918, 5.85174560546875, 7.278919219970703, 4.055500030517578, 5.134105682373047, 5.675077438354492, 6.51097297668457, 5.54347038269043, 4.638910293579102, 6.038904190063477, 5.934476852416992, 5.7830810546875, 5.217075347900391, 6.462335586547852, 5.620479583740234, 4.489421844482422, 6.9599151611328125, 4.174709320068359, 5.249738693237305, 4.764795303344727, 7.014274597167969, 4.556894302368164, 5.5179595947265625, 5.4454803466796875, 5.633831024169922, 5.921602249145508, 4.225254058837891, 5.6304931640625, 7.158041000366211, 4.144430160522461, 5.16819953918457, 6.323575973510742, 3.27301025390625, 8.537530899047852, 4.178047180175781, 7.663726806640625, 6.25157356262207, 6.677150726318359, 5.708456039428711, 3.47900390625, 4.738569259643555, 6.169795989990234, 5.802631378173828, 6.691932678222656, 5.424261093139648, 5.820989608764648, 5.244255065917969, 5.307674407958984, 4.203081130981445, 7.277250289916992, 5.532979965209961, 5.155324935913086, 5.196809768676758, 5.413532257080078, 3.378152847290039, 6.51860237121582, 4.008769989013672, 4.929304122924805, 7.071018218994141, 5.402565002441406, 4.522800445556641, 5.229949951171875, 5.803108215332031, 4.863262176513672, 9.997844696044922, 10.341644287109375, 10.55288314819336, 8.962392807006836, 8.350133895874023, 5.4531097412109375, 10.093212127685547, 6.945610046386719, 6.911754608154297, 8.146047592163086, 7.812023162841797, 8.852243423461914, 6.815195083618164, 8.53419303894043, 7.634401321411133, 7.979393005371094, 7.216691970825195, 8.660078048706055, 7.027149200439453, 10.76364517211914, 7.330179214477539, 9.532451629638672, 6.908655166625977, 9.424924850463867, 8.771896362304688, 9.572029113769531, 9.383916854858398, 9.659290313720703, 7.488012313842773, 9.606122970581055, 8.537769317626953, 9.158611297607422, 8.645772933959961, 7.823467254638672, 7.606744766235352, 7.526636123657227, 8.235931396484375, 8.7738037109375, 6.7539215087890625, 8.816242218017578, 9.175300598144531, 7.817983627319336, 9.686708450317383, 6.393194198608398, 7.645845413208008, 7.010698318481445, 10.650634765625, 9.598493576049805, 5.588054656982422, 10.579109191894531, 7.678985595703125, 8.217573165893555, 6.94727897644043, 8.325815200805664, 7.692813873291016, 7.082939147949219, 7.032155990600586, 7.364749908447266, 7.611989974975586, 7.121086120605469, 7.597684860229492, 7.268190383911133, 6.922245025634766, 9.751319885253906, 6.981372833251953, 9.393692016601562, 6.736993789672852, 8.432149887084961, 9.207010269165039, 10.800838470458984, 7.989168167114258, 8.08095932006836, 8.343696594238281, 6.496667861938477, 10.721206665039062, 11.658191680908203, 4.880666732788086, 10.160684585571289, 7.925748825073242, 8.280754089355469, 8.587837219238281, 6.678342819213867, 8.53586196899414, 7.933139801025391, 7.069587707519531, 8.183479309082031, 10.090827941894531, 5.7888031005859375, 11.063098907470703, 11.098623275756836, 8.820056915283203, 8.999347686767578, 9.009599685668945, 9.19485092163086, 6.376743316650391, 8.764028549194336, 7.940769195556641, 7.268190383911133, 6.48808479309082, 7.6751708984375, 7.742881774902344, 9.712934494018555, 6.971120834350586, 6.36744499206543, 7.868289947509766, 6.949901580810547, 8.03518295288086, 7.392644882202148, 8.256196975708008, 7.33184814453125, 5.705595016479492, 10.886430740356445, 11.749744415283203, 7.927417755126953, 8.727788925170898, 8.938312530517578, 5.494832992553711, 5.50389289855957, 7.958173751831055, 8.179903030395508, 7.424354553222656, 7.000446319580078, 9.350776672363281, 5.391836166381836, 7.271289825439453, 12.714147567749023, 7.920026779174805, 8.598804473876953, 10.796070098876953, 7.997751235961914, 8.216142654418945, 7.881641387939453, 8.877277374267578, 6.809234619140625, 9.007453918457031, 9.195089340209961, 8.133649826049805, 7.946968078613281, 7.443666458129883, 7.428169250488281, 7.953882217407227, 8.028030395507812, 7.911443710327148, 7.797002792358398, 8.815288543701172, 6.066083908081055, 7.986545562744141, 9.334325790405273, 4.94694709777832, 7.671594619750977, 7.941007614135742, 9.633779525756836, 8.630037307739258, 6.461381912231445, 8.341550827026367, 8.665323257446289, 10.463237762451172, 10.706186294555664, 7.919549942016602, 11.701583862304688, 7.495641708374023, 6.999492645263672, 13.487815856933594, 8.585453033447266, 7.471323013305664, 8.64410400390625, 8.428573608398438, 8.099079132080078, 10.57744026184082, 6.909847259521484, 8.858919143676758, 10.617971420288086, 6.154775619506836, 10.1470947265625, 10.366439819335938, 7.428884506225586, 10.115861892700195, 6.894111633300781, 9.633064270019531, 9.742259979248047, 7.969379425048828, 6.390094757080078, 8.699417114257812, 8.822441101074219, 10.902643203735352, 8.744478225708008, 7.8125, 6.702899932861328, 7.618427276611328, 7.768154144287109, 9.840726852416992, 8.093595504760742, 8.400201797485352, 7.956504821777344, 8.459329605102539, 8.948564529418945, 7.540225982666016, 7.261037826538086, 7.795572280883789, 10.294198989868164, 8.981704711914062, 10.845184326171875, 8.864402770996094, 7.607936859130859, 9.372711181640625, 7.455110549926758, 8.803606033325195, 7.889032363891602, 9.173870086669922, 8.539438247680664, 7.497310638427734, 10.246515274047852, 8.346796035766602, 6.400346755981445, 8.36944580078125, 9.522199630737305, 6.349325180053711, 11.729717254638672, 8.268117904663086, 8.498668670654297, 4.93168830871582, 9.748220443725586, 9.492158889770508, 9.981632232666016, 8.211374282836914, 9.606361389160156, 8.41212272644043, 9.212970733642578, 10.21885871887207, 6.202220916748047, 10.850191116333008, 7.8067779541015625, 6.528615951538086, 8.719921112060547, 7.880210876464844, 7.4253082275390625, 7.430315017700195, 7.977485656738281, 8.511781692504883, 8.260250091552734, 8.435487747192383, 10.820865631103516, 6.428241729736328, 9.084463119506836, 12.497663497924805, 10.52999496459961, 8.4075927734375, 8.30531120300293, 7.963418960571289, 10.178804397583008, 6.974458694458008, 9.523391723632812, 9.594917297363281, 6.694793701171875, 8.005857467651367, 7.992744445800781, 6.069183349609375, 7.513523101806641, 10.146379470825195, 7.733583450317383, 9.439945220947266, 9.165763854980469, 7.517576217651367, 8.114814758300781, 9.575605392456055, 8.900642395019531, 13.073921203613281, 11.219263076782227, 11.05809211730957, 10.602712631225586, 8.348703384399414, 7.880687713623047, 7.260799407958984, 10.300397872924805, 9.669780731201172, 6.630897521972656, 7.488012313842773, 7.8449249267578125, 8.95380973815918, 9.837865829467773, 4.921913146972656, 8.452653884887695, 8.65793228149414, 7.998943328857422, 7.901430130004883, 8.212804794311523, 6.816864013671875, 9.56416130065918, 10.14399528503418, 7.650852203369141, 9.949207305908203, 5.855321884155273, 11.063575744628906, 7.578611373901367, 9.035348892211914, 8.769035339355469, 8.254528045654297, 11.463403701782227, 6.888151168823242, 8.189201354980469, 8.319854736328125, 11.33108139038086, 8.718013763427734, 6.795406341552734, 11.083126068115234, 6.649494171142578, 8.41665267944336, 12.26949691772461, 6.874322891235352, 9.20414924621582, 11.241674423217773, 9.389638900756836, 7.273435592651367, 10.553836822509766, 6.000757217407227, 10.084152221679688, 5.523204803466797, 7.733345031738281, 