{"start": 1546187263.5944502, "timings": [17.466068267822266, 50.44841766357422, 24.062156677246094, 24.647235870361328, 25.14481544494629, 42.15359687805176, 24.402618408203125, 24.801254272460938, 25.096416473388672, 36.62753105163574, 44.060468673706055, 16.7083740234375, 63.56048583984375, 27.834177017211914, 15.589714050292969, 34.20448303222656, 44.98767852783203, 24.75905418395996, 27.76932716369629, 25.964021682739258, 33.8742733001709, 37.00566291809082, 13.050317764282227, 34.62815284729004, 31.69417381286621, 26.561975479125977, 33.812761306762695, 25.18463134765625, 34.58404541015625, 34.42955017089844, 25.08068084716797, 45.783042907714844, 25.14171600341797, 25.94780921936035, 24.92070198059082, 46.55766487121582, 30.74502944946289, 30.336380004882812, 23.751497268676758, 43.376922607421875, 30.065059661865234, 15.644311904907227, 35.2475643157959, 49.16667938232422, 25.267362594604492, 26.2758731842041, 25.687217712402344, 47.58119583129883, 27.486801147460938, 23.50163459777832, 14.722585678100586, 54.75497245788574, 17.60578155517578, 26.402950286865234, 24.823904037475586, 50.58622360229492, 33.804893493652344, 28.333187103271484, 47.274112701416016, 25.175094604492188, 24.58500862121582, 26.456594467163086, 45.854806900024414, 28.400659561157227, 25.76136589050293, 25.46215057373047, 42.40107536315918, 27.89902687072754, 18.240928649902344, 55.06420135498047, 15.230417251586914, 36.818504333496094, 13.537406921386719, 44.816017150878906, 32.86099433898926, 25.183677673339844, 17.20881462097168, 55.8018684387207, 26.430368423461914, 26.397228240966797, 16.575098037719727, 42.84310340881348, 26.518583297729492, 36.56435012817383, 45.236825942993164, 33.635854721069336, 24.07693862915039, 25.687217712402344, 43.401241302490234, 25.304555892944336, 29.352426528930664, 16.173362731933594, 63.30990791320801, 27.01544761657715, 23.734331130981445, 37.395477294921875, 38.84530067443848, 35.15195846557617, 25.63166618347168, 24.677753448486328, 47.492027282714844, 27.16350555419922, 15.289783477783203, 55.25088310241699, 14.135599136352539, 35.84003448486328, 22.951841354370117, 15.285730361938477, 58.23373794555664, 22.58610725402832, 34.25908088684082, 46.59414291381836, 24.593591690063477, 26.042461395263672, 22.270917892456055, 44.78168487548828, 29.24203872680664, 21.559953689575195, 48.69508743286133, 25.589704513549805, 15.175342559814453, 38.87748718261719, 43.97702217102051, 25.295734405517578, 13.723373413085938, 37.48607635498047, 45.98522186279297, 22.77088165283203, 30.560970306396484, 25.70056915283203, 33.799171447753906, 25.11429786682129, 34.37304496765137, 31.516075134277344, 45.06182670593262, 27.30584144592285, 20.447254180908203, 38.175344467163086, 61.852455139160156, 15.835046768188477, 23.584365844726562, 56.415557861328125, 27.01878547668457, 27.47058868408203, 13.361930847167969, 58.94207954406738, 17.726659774780273, 39.07656669616699, 24.71780776977539, 56.97464942932129, 27.350902557373047, 15.443086624145508, 23.986339569091797, 57.45506286621094, 26.093721389770508, 25.873661041259766, 35.61115264892578, 23.398637771606445, 25.760650634765625, 26.79920196533203, 45.71056365966797, 25.04277229309082, 31.309127807617188, 31.299352645874023, 51.21493339538574, 24.72662925720215, 12.67695426940918, 24.730205535888672, 54.46267127990723, 18.429994583129883, 32.12165832519531, 27.277469635009766, 45.108795166015625, 15.783309936523438, 32.517194747924805, 20.274639129638672, 41.27812385559082, 35.755157470703125, 24.821043014526367, 45.282602310180664, 24.07240867614746, 35.292863845825195, 13.211727142333984, 57.715415954589844, 22.263050079345703, 29.50000762939453, 14.791250228881836, 55.36460876464844, 13.344049453735352, 36.67044639587402, 13.274669647216797, 44.01969909667969, 38.103342056274414, 26.229381561279297, 25.33721923828125, 32.99665451049805, 37.28938102722168, 25.432825088500977, 39.15739059448242, 20.04551887512207, 35.7968807220459, 13.066768646240234, 25.89559555053711, 41.341543197631836, 23.01955223083496, 37.606000900268555, 47.13702201843262, 20.123720169067383, 39.759159088134766, 30.36332130432129, 53.412675857543945, 31.946897506713867, 27.98628807067871, 14.928579330444336, 54.23736572265625, 22.776126861572266, 26.240825653076172, 43.854713439941406, 27.498483657836914, 26.903867721557617, 17.02094078063965, 49.06606674194336, 34.72280502319336, 27.949810028076172, 27.36520767211914, 36.92436218261719, 23.49400520324707, 36.16499900817871, 19.54817771911621, 54.94880676269531, 42.70172119140625, 15.459775924682617, 52.50716209411621, 13.63372802734375, 34.883975982666016, 27.054548263549805, 12.008190155029297, 56.1673641204834, 23.135900497436523, 25.297880172729492, 47.095298767089844, 21.26598358154297, 26.90887451171875, 31.490325927734375, 35.189151763916016, 22.113561630249023, 38.60640525817871, 45.19939422607422, 19.23680305480957, 31.338214874267578, 31.32152557373047, 58.0899715423584, 34.29675102233887, 32.61518478393555, 28.284788131713867, 53.67112159729004, 14.879703521728516, 27.902603149414062, 36.61966323852539, 48.47407341003418, 28.530359268188477, 12.10641860961914, 25.822162628173828, 54.98671531677246, 25.198698043823242, 19.086837768554688, 23.70309829711914, 43.28656196594238, 24.82914924621582, 35.69388389587402, 46.72122001647949, 17.216920852661133, 30.835866928100586, 13.788700103759766, 56.5342903137207, 13.104915618896484, 31.123638153076172, 35.29548645019531, 46.88549041748047, 14.822244644165039, 33.13493728637695, 42.92750358581543, 25.158166885375977, 25.34174919128418, 23.244619369506836, 45.999765396118164, 25.2683162689209, 15.061378479003906, 35.03108024597168, 45.11094093322754, 25.820255279541016, 19.181251525878906, 31.783103942871094, 48.0654239654541, 25.904417037963867, 13.371467590332031, 34.12222862243652, 44.43097114562988, 18.758773803710938, 21.961212158203125, 56.355953216552734, 27.752399444580078, 28.818845748901367, 26.18265151977539, 45.58515548706055, 13.149738311767578, 25.717735290527344, 35.82334518432617, 47.84345626831055, 25.686025619506836, 25.379419326782227, 24.730205535888672, 32.37605094909668, 40.89975357055664, 18.528461456298828, 34.01780128479004, 44.657230377197266, 28.349876403808594, 26.19171142578125, 43.73669624328613, 25.992631912231445, 22.607088088989258, 16.5712833404541, 54.236412048339844, 23.812532424926758, 25.964021682739258, 18.375158309936523, 57.903289794921875, 15.67840576171875, 44.338226318359375, 30.758142471313477, 51.36442184448242, 30.663490295410156, 23.96082878112793, 28.113842010498047, 31.439781188964844, 34.461259841918945, 28.130054473876953, 17.31085777282715, 62.845706939697266, 13.786554336547852, 23.991107940673828, 54.69083786010742, 26.681184768676758, 26.044368743896484, 14.507532119750977, 56.626319885253906, 12.267112731933594, 34.44170951843262, 15.433549880981445, 56.253910064697266, 27.73451805114746, 23.183345794677734, 18.581151962280273, 56.12921714782715, 15.535116195678711, 35.14552116394043, 44.118642807006836, 28.546810150146484, 26.490449905395508, 26.805400848388672, 48.93207550048828, 25.141239166259766, 28.761863708496094, 13.662576675415039, 54.23259735107422, 25.900602340698242, 26.69072151184082, 25.509119033813477, 43.1365966796875, 20.51091194152832, 31.858444213867188, 45.319318771362305, 15.955209732055664, 39.23964500427246, 26.01933479309082, 42.64259338378906, 25.731801986694336, 26.569128036499023, 25.565385818481445, 44.8145866394043, 26.012182235717773, 21.775484085083008, 27.480363845825195, 54.48436737060547, 29.11829948425293, 26.044607162475586, 27.068376541137695, 34.397125244140625, 35.36653518676758, 28.434038162231445, 45.82095146179199, 14.865875244140625, 34.60335731506348, 14.285802841186523, 54.27098274230957, 27.413606643676758, 26.28803253173828, 25.960206985473633, 45.63283920288086, 28.203248977661133, 15.158891677856445, 36.93056106567383, 47.868967056274414, 25.6955623626709, 25.25806427001953, 27.225017547607422, 40.83561897277832,