{"start": 1546155058.8906226, "timings": [22.620439529418945, 25.197744369506836, 59.607505798339844, 29.113054275512695, 25.630950927734375, 25.65455436706543, 50.77695846557617, 14.399290084838867, 35.09068489074707, 27.611970901489258, 38.835763931274414, 38.698673248291016, 21.80314064025879, 30.749797821044922, 55.21750450134277, 17.294645309448242, 27.062177658081055, 26.156902313232422, 60.45699119567871, 27.202844619750977, 25.943756103515625, 51.9862174987793, 25.18296241760254, 26.714324951171875, 37.63890266418457, 56.39481544494629, 34.976959228515625, 18.994808197021484, 43.04146766662598, 49.57938194274902, 30.724525451660156, 31.653642654418945, 57.74712562561035, 29.583215713500977, 26.704788208007812, 21.11196517944336, 67.596435546875, 30.069828033447266, 19.77086067199707, 33.67114067077637, 76.48038864135742, 32.907724380493164, 35.09712219238281, 27.796268463134766, 43.334245681762695, 37.31083869934082, 13.591289520263672, 27.44317054748535, 63.51280212402344, 28.715133666992188, 20.830869674682617, 30.284404754638672, 52.63328552246094, 36.26847267150879, 29.18696403503418, 15.182256698608398, 61.74015998840332, 15.228509902954102, 37.78576850891113, 50.40931701660156, 23.690223693847656, 30.15446662902832, 26.82948112487793, 40.82155227661133, 35.81047058105469, 23.134708404541016, 53.6494255065918, 27.862071990966797, 22.34792709350586, 28.188705444335938, 62.789201736450195, 22.149085998535156, 30.649423599243164, 26.40700340270996, 38.29526901245117, 33.762454986572266, 29.402732849121094, 29.186010360717773, 53.42745780944824, 25.059223175048828, 33.51330757141113, 17.23027229309082, 64.31174278259277, 28.22732925415039, 12.306928634643555, 66.55430793762207, 30.076265335083008, 28.827667236328125, 25.772571563720703, 51.87559127807617, 13.530492782592773, 36.984920501708984, 28.2132625579834, 52.07252502441406, 28.436660766601562, 28.635263442993164, 31.229734420776367, 48.92849922180176, 22.378921508789062, 22.540569305419922, 61.110734939575195, 17.946720123291016, 38.73133659362793, 26.705503463745117, 56.32305145263672, 20.82371711730957, 35.332679748535156, 14.932394027709961, 57.89041519165039, 34.73067283630371, 28.310298919677734, 30.281543731689453, 52.66141891479492, 27.556180953979492, 30.04741668701172, 28.362512588500977, 51.50604248046875, 28.753280639648438, 16.074180603027344, 62.81614303588867, 26.772022247314453, 24.267911911010742, 27.219057083129883, 54.38232421875, 28.609037399291992, 13.250112533569336, 32.692670822143555, 59.71097946166992, 27.43983268737793, 26.45111083984375, 30.379533767700195, 60.56952476501465, 27.88686752319336, 27.521848678588867, 17.986059188842773, 53.84111404418945, 39.23439979553223, 29.858827590942383, 48.96211624145508, 27.97245979309082, 29.900550842285156, 26.6263484954834, 14.737844467163086, 61.18202209472656, 11.451005935668945, 29.72722053527832, 53.52449417114258, 29.561996459960938, 33.49018096923828, 33.39743614196777, 16.709089279174805, 49.182891845703125, 37.163496017456055, 28.81455421447754, 51.80931091308594, 16.746044158935547, 37.0025634765625, 16.045093536376953, 61.90776824951172, 13.843059539794922, 40.56572914123535, 15.986919403076172, 66.5438175201416, 32.98592567443848, 17.26245880126953, 49.15904998779297, 36.56792640686035, 27.1761417388916, 16.469955444335938, 60.46605110168457, 14.823198318481445, 37.53066062927246, 26.221275329589844, 52.870988845825195, 22.743940353393555, 22.69887924194336, 26.233673095703125, 74.36013221740723, 29.663562774658203, 20.435571670532227, 67.49939918518066, 15.969991683959961, 25.06709098815918, 37.583351135253906, 51.19132995605469, 32.648324966430664, 29.547452926635742, 15.995979309082031, 63.98630142211914, 27.47631072998047, 27.646780014038086, 26.857852935791016, 47.67465591430664, 27.27794647216797, 36.04316711425781, 57.2817325592041, 27.78458595275879, 28.406858444213867, 13.749837875366211, 73.23813438415527, 22.271394729614258, 37.456512451171875, 28.735876083374023, 40.57908058166504, 24.05524253845215, 38.23447227478027, 14.673233032226562, 49.31759834289551, 25.00295639038086, 36.5293025970459, 28.459548950195312, 57.52754211425781, 32.683610916137695, 28.57375144958496, 50.20928382873535, 12.90273666381836, 39.23392295837402, 30.939340591430664, 55.98902702331543, 33.14805030822754, 34.813880920410156, 31.877517700195312, 61.66434288024902, 27.742624282836914, 26.944398880004883, 28.9461612701416, 39.18814659118652, 36.46492958068848, 14.930963516235352, 39.997100830078125, 37.9483699798584, 28.026342391967773, 25.48503875732422, 26.73649787902832, 62.71648406982422, 29.326915740966797, 24.881839752197266, 17.786502838134766, 71.80571556091309, 27.90379524230957, 26.525259017944336, 51.90849304199219, 14.015913009643555, 26.859045028686523, 24.708271026611328, 51.44166946411133, 27.1914005279541, 24.54662322998047, 26.6416072845459, 57.06620216369629, 35.46738624572754, 19.669771194458008, 59.549808502197266, 21.494150161743164, 32.60040283203125, 15.555858612060547, 66.75004959106445, 27.709007263183594, 14.719009399414062, 27.9080867767334, 62.014102935791016, 17.00901985168457, 40.33851623535156, 50.89545249938965, 30.296802520751953, 25.828838348388672, 17.26698875427246, 59.804677963256836, 16.400814056396484, 35.868167877197266, 29.68001365661621, 51.775217056274414, 14.873504638671875, 25.867938995361328, 37.839651107788086, 53.37691307067871, 25.325298309326172, 28.5799503326416, 15.613555908203125, 62.702178955078125, 25.822877883911133, 29.038667678833008, 52.93893814086914, 27.0540714263916, 13.545751571655273, 38.4678840637207, 53.48801612854004, 26.432514190673828, 15.873432159423828, 35.980224609375, 53.48849296569824, 30.832290649414062, 18.956899642944336, 22.841691970825195, 63.123226165771484, 27.469396591186523, 27.888774871826172, 24.36685562133789, 50.722599029541016, 22.23062515258789, 24.857521057128906, 54.898738861083984, 28.215885162353516, 13.234615325927734, 29.381513595581055, 53.56740951538086, 35.704612731933594, 30.66873550415039, 15.366077423095703, 65.92535972595215, 28.59330177307129, 27.483224868774414, 24.260282516479492, 52.8104305267334, 13.987302780151367, 32.70292282104492, 23.350000381469727, 62.17551231384277, 15.398502349853516, 28.037071228027344, 54.549217224121094, 34.137725830078125, 31.105518341064453, 23.57339859008789, 56.910037994384766, 25.517702102661133, 29.970645904541016, 32.44280815124512, 52.269935607910156, 14.474630355834961, 36.38434410095215, 28.814315795898438, 50.4460334777832, 23.48804473876953, 31.212329864501953, 56.11991882324219, 24.31178092956543, 27.82130241394043, 29.43563461303711, 49.50380325317383, 29.104232788085938, 26.615381240844727, 16.42322540283203, 62.60967254638672, 24.627208709716797, 29.95157241821289, 14.991521835327148, 61.986684799194336, 24.783849716186523, 30.2276611328125, 26.449203491210938, 48.711299896240234, 20.331859588623047, 27.2979736328125, 63.63320350646973, 14.232397079467773, 30.762195587158203, 32.75632858276367, 53.07412147521973, 28.321504592895508, 27.225971221923828, 27.48703956604004, 39.196014404296875, 38.24281692504883, 26.751041412353516, 26.738405227661133, 50.99844932556152, 20.08795738220215, 21.176815032958984, 62.960147857666016, 14.250755310058594, 36.815643310546875, 27.914047241210938, 42.890310287475586, 38.31076622009277, 27.551651000976562, 14.83607292175293, 61.90371513366699, 19.909381866455078, 45.122385025024414, 32.03940391540527, 59.48162078857422, 32.61923789978027, 15.294313430786133, 46.84567451477051, 52.67596244812012, 28.82075309753418, 14.944076538085938, 25.518417358398438, 55.057525634765625, 40.41862487792969, 16.182422637939453, 61.66648864746094, 16.704082489013672, 37.94503211975098, 31.469106674194336, 59.552669525146484, 18.85533332824707, 31.847238540649414, 42.768239974975586, 49.07035827636719, 32.166481018066406, 40.03453254699707, 30.039310455322266, 45.48048973083496, 30.544519424438477, 28.51557731628418, 53.94434928894043, 