{"start": 1546187263.6003633, "timings": [0.7746219635009766, 0.45013427734375, 0.25582313537597656, 21.890878677368164, 36.45682334899902, 8.02302360534668, 16.22462272644043, 8.390188217163086, 16.278743743896484, 7.8105926513671875, 5.66554069519043, 8.742570877075195, 31.51726722717285, 14.948129653930664, 19.98162269592285, 10.106563568115234, 15.618562698364258, 11.98124885559082, 11.88349723815918, 31.000614166259766, 6.083011627197266, 20.403146743774414, 6.407499313354492, 19.161224365234375, 9.973526000976562, 5.969524383544922, 21.86894416809082, 16.838550567626953, 25.606393814086914, 9.097576141357422, 16.394853591918945, 11.445283889770508, 2.863645553588867, 22.238969802856445, 16.04008674621582, 11.439085006713867, 33.07461738586426, 10.751962661743164, 15.000581741333008, 9.578704833984375, 16.472816467285156, 2.329111099243164, 9.764432907104492, 14.954328536987305, 9.420633316040039, 46.10252380371094, 16.46280288696289, 7.662057876586914, 22.01986312866211, 14.021635055541992, 32.5009822845459, 18.201112747192383, 7.841348648071289, 20.328998565673828, 10.613441467285156, 14.24551010131836, 17.01807975769043, 28.972148895263672, 23.358821868896484, 13.519525527954102, 11.858940124511719, 16.783952713012695, 8.764266967773438, 37.00065612792969, 8.478641510009766, 12.176036834716797, 12.241363525390625, 17.683982849121094, 8.163928985595703, 13.3209228515625, 12.424230575561523, 33.896684646606445, 4.338741302490234, 9.182453155517578, 19.540071487426758, 12.120246887207031, 16.01099967956543, 12.489795684814453, 15.288829803466797, 43.24531555175781, 11.511802673339844, 13.738632202148438, 13.375282287597656, 5.739450454711914, 15.906333923339844, 19.53125, 9.471416473388672, 40.782928466796875, 12.552976608276367, 11.982917785644531, 9.8724365234375, 16.594886779785156, 9.187698364257812, 4.039764404296875, 36.41510009765625, 8.39686393737793, 15.354156494140625, 13.485908508300781, 14.655351638793945, 20.351886749267578, 9.79161262512207, 7.727384567260742, 40.87233543395996, 22.828340530395508, 5.604267120361328, 14.873981475830078, 8.310317993164062, 25.025129318237305, 6.257534027099609, 45.022010803222656, 19.470930099487305, 7.32111930847168, 11.602401733398438, 9.446859359741211, 2.2602081298828125, 17.01664924621582, 9.66024398803711, 38.064002990722656, 8.862495422363281, 10.25843620300293, 12.957572937011719, 17.821788787841797, 9.399652481079102, 16.39556884765625, 29.512643814086914, 16.707658767700195, 8.45956802368164, 5.369424819946289, 14.991283416748047, 9.78994369506836, 16.028642654418945, 7.906436920166016, 17.169713973999023, 41.50819778442383, 9.894609451293945, 18.931865692138672, 9.94729995727539, 23.043155670166016, 38.411617279052734, 2.3975372314453125, 12.995004653930664, 20.88141441345215, 17.583370208740234, 8.748292922973633, 25.07305145263672, 41.249990463256836, 24.953365325927734, 16.267776489257812, 10.010719299316406, 6.201982498168945, 17.00901985168457, 39.23463821411133, 10.092020034790039, 16.977548599243164, 10.249614715576172, 15.675783157348633, 9.532690048217773, 5.956888198852539, 44.02804374694824, 25.07495880126953, 20.44057846069336, 3.155946731567383, 11.842489242553711, 13.024568557739258, 11.526107788085938, 36.98325157165527, 20.174503326416016, 9.263038635253906, 16.20650291442871, 23.57625961303711, 9.894847869873047, 35.75015068054199, 23.32615852355957, 9.404659271240234, 3.243684768676758, 13.384342193603516, 18.433332443237305, 27.856826782226562, 37.22810745239258, 9.160757064819336, 27.487754821777344, 4.45866584777832, 24.332284927368164, 23.33235740661621, 33.95366668701172, 21.655559539794922, 16.955852508544922, 9.559154510498047, 15.998601913452148, 9.457826614379883, 15.179872512817383, 30.549287796020508, 16.772031784057617, 7.955074310302734, 19.77229118347168, 9.280204772949219, 23.328542709350586, 3.336668014526367, 34.21163558959961, 9.06229019165039, 5.5561065673828125, 16.74485206604004, 16.31021499633789, 13.065814971923828, 21.79098129272461, 6.264448165893555, 42.0835018157959, 16.252756118774414, 9.084463119506836, 24.720191955566406, 7.774114608764648, 12.459516525268555, 33.402204513549805, 15.810728073120117, 10.859489440917969, 11.55710220336914, 12.291193008422852, 16.46566390991211, 21.986007690429688, 28.647184371948242, 15.93017578125, 9.183645248413086, 19.823074340820312, 9.474039077758789, 12.92276382446289, 13.429880142211914, 34.972429275512695, 8.070945739746094, 17.08531379699707, 12.90440559387207, 19.966602325439453, 4.7760009765625, 16.19267463684082, 11.116743087768555, 31.76259994506836, 14.630556106567383, 12.15982437133789, 13.58795166015625, 19.41370964050293, 18.056392669677734, 8.890390396118164, 37.232398986816406, 9.088754653930664, 14.232873916625977, 12.53509521484375, 13.964653015136719, 13.749837875366211, 12.451171875, 10.504484176635742, 26.508331298828125, 17.36593246459961, 24.832725524902344, 16.879558563232422, 10.084152221679688, 21.43573760986328, 29.14142608642578, 12.713909149169922, 10.535240173339844, 7.838964462280273, 12.195587158203125, 10.302066802978516, 32.80758857727051, 4.276752471923828, 50.626277923583984, 6.666660308837891, 16.425132751464844, 12.60685920715332, 14.646530151367188, 10.393619537353516, 16.11185073852539, 10.68568229675293, 27.78029441833496, 11.708974838256836, 14.57071304321289, 13.840198516845703, 17.572402954101562, 8.368968963623047, 18.181800842285156, 32.74679183959961, 14.558792114257812, 14.26553726196289, 20.577430725097656, 16.0524845123291, 15.259742736816406, 7.288455963134766, 46.231985092163086, 17.418384552001953, 9.716033935546875, 17.72451400756836, 13.841390609741211, 19.881248474121094, 45.73941230773926, 14.096736907958984, 13.589620590209961, 15.612602233886719, 12.346982955932617, 10.374307632446289, 16.108274459838867, 38.9401912689209, 6.957769393920898, 25.9857177734375, 9.262323379516602, 17.71235466003418, 9.485721588134766, 36.267995834350586, 10.878801345825195, 23.501873016357422, 21.448373794555664, 9.379863739013672, 20.11394500732422, 15.017271041870117, 38.181304931640625, 8.56328010559082, 16.40629768371582, 12.295007705688477, 22.144317626953125, 19.519329071044922, 32.608985900878906, 5.416154861450195, 8.950948715209961, 24.27077293395996, 16.651391983032227, 10.40792465209961, 16.8917179107666, 28.473854064941406, 16.860008239746094, 8.194208145141602, 23.853540420532227, 6.968259811401367, 9.70315933227539, 14.327049255371094, 46.8592643737793, 16.35265350341797, 15.80047607421875, 12.156248092651367, 16.07370376586914, 9.037971496582031, 33.56361389160156, 16.950607299804688, 26.608705520629883, 16.429901123046875, 15.31982421875, 19.568204879760742, 31.815767288208008, 6.659984588623047, 12.336492538452148, 9.887456893920898, 13.922452926635742, 15.150070190429688, 11.313438415527344, 22.402286529541016, 36.5443229675293, 13.433456420898438, 19.436359405517578, 17.70305633544922, 12.578248977661133, 44.10743713378906, 22.01390266418457, 16.478776931762695, 8.975744247436523, 13.110876083374023, 12.225866317749023, 17.556428909301758, 29.65521812438965, 19.47641372680664, 16.203641891479492, 4.716396331787109, 10.257959365844727, 14.766931533813477, 9.594202041625977, 41.98431968688965, 7.718086242675781, 19.074440002441406, 17.230749130249023, 12.576580047607422, 20.356416702270508, 42.8316593170166, 26.39937400817871, 22.33433723449707, 16.085147857666016, 32.45878219604492, 26.621341705322266, 8.173465728759766, 23.399829864501953, 17.918825149536133, 29.019832611083984, 36.4680290222168, 16.323328018188477, 14.63627815246582, 17.72332191467285, 11.747598648071289, 13.591766357421875, 15.469074249267578, 36.33594512939453, 16.510009765625, 15.409469604492188, 17.919540405273438, 18.486976623535156, 8.690357208251953, 35.51197052001953, 9.959936141967773, 3.7178993225097656, 14.73546028137207, 12.030839920043945, 14.257431030273438, 9.774208068847656, 3.004312515258789, 23.407936096191406, 44.47317123413086, 3.3369064331054688, 