{"start": 1546289903.5897987, "timings": [5.501747131347656, 5.11622428894043, 6.887912750244141, 5.097389221191406, 5.023002624511719, 4.868745803833008, 5.188465118408203, 5.533456802368164, 6.116151809692383, 5.1822662353515625, 4.9991607666015625, 4.752874374389648, 4.921197891235352, 5.954980850219727, 5.091428756713867, 4.902124404907227, 5.262851715087891, 4.90570068359375, 5.6667327880859375, 4.909276962280273, 5.44285774230957, 5.214214324951172, 6.365537643432617, 6.692647933959961, 6.329536437988281, 6.59942626953125, 6.273746490478516, 6.293296813964844, 6.292581558227539, 6.260395050048828, 6.541967391967773, 6.552219390869141, 6.3018798828125, 6.475210189819336, 6.701946258544922, 6.978034973144531, 7.176876068115234, 7.018566131591797, 5.218267440795898, 6.020784378051758, 7.096529006958008, 6.904125213623047, 4.9953460693359375, 5.242586135864258, 5.188703536987305, 5.083322525024414, 5.9413909912109375, 5.411624908447266, 5.087137222290039, 5.064487457275391, 5.217790603637695, 5.854606628417969, 4.754781723022461, 5.162715911865234, 5.089282989501953, 4.905462265014648, 5.945682525634766, 5.0029754638671875, 5.199193954467773, 4.978656768798828, 5.18798828125, 5.7506561279296875, 5.65028190612793, 5.053520202636719, 5.241632461547852, 5.489110946655273, 6.172657012939453, 5.289793014526367, 5.036354064941406, 5.241632461547852, 5.082607269287109, 6.623506546020508, 5.152225494384766, 5.879402160644531, 5.479335784912109, 5.702018737792969, 6.403684616088867, 5.825281143188477, 5.410671234130859, 5.546092987060547, 5.65648078918457, 5.403995513916016, 5.883932113647461, 6.779670715332031, 5.271434783935547, 5.692958831787109, 6.001949310302734, 5.8078765869140625, 6.859302520751953, 5.9642791748046875, 5.4340362548828125, 6.916522979736328, 7.475852966308594, 7.798671722412109, 5.666494369506836, 6.258726119995117, 5.552768707275391, 5.930662155151367, 6.422519683837891, 5.80143928527832, 6.838798522949219, 5.213260650634766, 5.676746368408203, 6.679773330688477, 6.936311721801758, 5.345582962036133, 5.977153778076172, 7.729291915893555, 6.910800933837891, 5.466699600219727, 5.747079849243164, 6.429910659790039, 6.935596466064453, 7.386684417724609, 6.180047988891602, 5.931854248046875, 6.091117858886719, 7.529258728027344, 7.596254348754883, 8.394718170166016, 8.605003356933594, 7.210969924926758, 5.972623825073242, 6.0710906982421875, 8.180856704711914, 5.767822265625, 7.320642471313477, 7.004499435424805, 7.225513458251953, 7.208108901977539, 8.36944580078125, 6.553411483764648, 5.949735641479492, 5.919933319091797, 5.929708480834961, 6.16145133972168, 5.68842887878418, 6.0367584228515625, 5.913257598876953, 5.773782730102539, 5.738496780395508, 6.133556365966797, 6.580829620361328, 6.116390228271484, 6.354570388793945, 6.307125091552734, 6.341695785522461, 6.192445755004883, 6.834506988525391, 5.897998809814453, 6.633520126342773, 6.289005279541016, 6.576061248779297, 6.437778472900391, 6.158590316772461, 9.75346565246582, 9.53054428100586, 7.485628128051758, 6.383419036865234, 8.300304412841797, 7.231950759887695, 7.344245910644531, 6.234884262084961, 6.783723831176758, 8.019685745239258, 7.811546325683594, 6.461143493652344, 6.248712539672852, 6.632566452026367, 8.001089096069336, 7.422208786010742, 6.0520172119140625, 6.897926330566406, 6.28662109375, 7.194042205810547, 7.329463958740234, 5.886554718017578, 6.779193878173828, 7.197141647338867, 8.228063583374023, 10.07533073425293, 7.56382942199707, 7.168054580688477, 7.888317108154297, 8.075952529907227, 6.361722946166992, 7.397174835205078, 7.75456428527832, 8.749961853027344, 6.447553634643555, 7.082462310791016, 7.4253082275390625, 6.455183029174805, 7.526159286499023, 6.418466567993164, 7.257938385009766, 6.520986557006836, 7.173061370849609, 6.310224533081055, 6.96563720703125, 6.127834320068359, 6.740570068359375, 6.6776275634765625, 7.114410400390625, 6.12187385559082, 6.451129913330078, 6.428003311157227, 6.696462631225586, 7.095575332641602, 6.392955780029297, 7.35783576965332, 7.034778594970703, 6.898641586303711, 7.797002792358398, 8.185625076293945, 7.270574569702148, 8.244752883911133, 6.949901580810547, 7.595300674438477, 7.874011993408203, 8.162498474121094, 8.760452270507812, 7.376909255981445, 9.195089340209961, 7.149219512939453, 7.4062347412109375, 7.382392883300781, 8.005857467651367, 8.674144744873047, 6.598472595214844, 7.155656814575195, 7.250785827636719, 6.232023239135742, 7.985115051269531, 7.489919662475586, 9.175539016723633, 7.118701934814453, 8.216142654418945, 7.450103759765625, 6.691932678222656, 7.671594619750977, 7.948398590087891, 7.05265998840332, 7.825136184692383, 7.530450820922852, 7.454633712768555, 7.35926628112793, 8.017778396606445, 9.33527946472168, 8.445262908935547, 7.114171981811523, 7.549524307250977, 8.100271224975586, 7.06028938293457, 7.452726364135742, 8.18324089050293, 7.521867752075195, 7.492303848266602, 8.048534393310547, 7.072687149047852, 7.794857025146484, 7.858991622924805, 7.6122283935546875, 8.022308349609375, 7.519960403442383, 7.259845733642578, 6.744623184204102, 7.889509201049805, 7.624387741088867, 7.369518280029297, 7.913827896118164, 7.939577102661133, 8.31151008605957, 7.7056884765625, 7.924079895019531, 7.971525192260742, 7.141351699829102, 8.804082870483398, 7.231712341308594, 8.095979690551758, 8.778095245361328, 7.959127426147461, 7.786750793457031, 8.291244506835938, 7.893085479736328, 7.151365280151367, 8.303403854370117, 7.819414138793945, 8.16035270690918, 8.094072341918945, 7.694482803344727, 7.713794708251953, 7.134675979614258, 8.161783218383789, 7.977485656738281, 8.515357971191406, 8.063316345214844, 8.08095932006836, 7.953166961669922, 7.369279861450195, 7.965326309204102, 8.683204650878906, 7.799386978149414, 7.396697998046875, 7.812738418579102, 8.485078811645508, 7.1849822998046875, 8.742570877075195, 7.472038269042969, 7.380962371826172, 7.1582794189453125, 9.079694747924805, 7.666349411010742, 8.94784927368164, 8.052825927734375, 7.383584976196289, 8.450746536254883, 7.109880447387695, 8.327007293701172, 7.455110549926758, 7.148265838623047, 8.322000503540039, 6.925344467163086, 8.31913948059082, 8.142232894897461, 8.356809616088867, 8.316993713378906, 8.327960968017578, 7.703542709350586, 9.03177261352539, 8.29458236694336, 7.505178451538086, 8.321285247802734, 8.490562438964844, 9.17196273803711, 8.14676284790039, 10.048389434814453, 7.474660873413086, 8.849382400512695, 8.376121520996094, 8.230447769165039, 8.346796035766602, 7.4253082275390625, 10.450363159179688, 8.435487747192383, 7.521867752075195, 8.029699325561523, 9.601831436157227, 8.36634635925293, 8.52060317993164, 7.899284362792969, 9.232044219970703, 7.689237594604492, 9.350776672363281, 8.620023727416992, 8.744478225708008, 8.045434951782227, 9.494304656982422, 7.816553115844727, 8.65483283996582, 8.541584014892578, 9.308099746704102, 8.040666580200195, 7.615089416503906, 8.942842483520508, 7.328510284423828, 8.936643600463867, 7.437467575073242, 9.189605712890625, 9.390115737915039, 9.085416793823242, 9.293079376220703, 10.460138320922852, 8.298397064208984, 9.511470794677734, 8.103609085083008, 9.45734977722168, 8.799314498901367, 8.105754852294922, 9.366273880004883, 8.598089218139648, 8.373737335205078, 7.550716400146484, 9.20724868774414, 8.155345916748047, 8.8958740234375, 8.537769317626953, 7.691144943237305, 8.572816848754883, 9.064912796020508, 8.379936218261719, 8.560419082641602, 7.659435272216797, 9.33837890625, 7.771015167236328, 9.119033813476562, 7.734060287475586, 8.461475372314453, 8.565902709960938, 8.966445922851562, 9.690999984741211, 8.045196533203125, 9.706735610961914, 7.777690887451172, 9.348392486572266, 8.717536926269531, 8.565187454223633, 8.761167526245117, 7.857799530029297, 8.862733840942383, 9.531259536743164, 7.8449249267578125, 8.564949035644531, 9.459257125854492, 9.34600830078125, 9.090662002563477, 8.315563201904297, 10.416030883789062, 8.282661437988281, 9.528875350952148, 