{"start": 1546928659.3564508, "timings": [102.081298828125, 62.6676082611084, 4.408359527587891, 5.611181259155273, 21.300792694091797, 68.29500198364258, 157.16314315795898, 5.287885665893555, 3.9720535278320312, 3.908872604370117, 4.268884658813477, 3.7102699279785156, 5.874872207641602, 4.185676574707031, 3.721475601196289, 4.37617301940918, 4.119396209716797, 4.180908203125, 4.245519638061523, 4.424095153808594, 4.042148590087891, 4.33039665222168, 3.7841796875, 3.9551258087158203, 4.4403076171875, 4.967927932739258, 4.166126251220703, 4.065990447998047, 4.038095474243164, 4.073381423950195, 4.964351654052734, 4.291296005249023, 4.299163818359375, 4.23121452331543, 3.945589065551758, 4.537105560302734, 3.804922103881836, 4.52876091003418, 4.018068313598633, 4.106998443603516, 3.694295883178711, 4.335641860961914, 3.8328170776367188, 3.978252410888672, 4.106760025024414, 8.160591125488281, 4.08482551574707, 3.9911270141601562, 14.821767807006836, 4.400491714477539, 3.880023956298828, 3.891468048095703, 3.7393569946289062, 3.9505958557128906, 3.924131393432617, 3.934621810913086, 3.775358200073242, 3.9114952087402344, 3.7755966186523438, 4.286050796508789, 3.7026405334472656, 4.112482070922852, 3.7004947662353516, 10.986804962158203, 3.963470458984375, 4.034519195556641, 3.629922866821289, 3.8747787475585938, 4.198789596557617, 4.53948974609375, 4.240512847900391, 4.181385040283203, 3.910541534423828, 4.0225982666015625, 3.7398338317871094, 14.65749740600586, 4.073381423950195, 4.243373870849609, 4.057884216308594, 4.0225982666015625, 3.828763961791992, 4.050254821777344, 3.9224624633789062, 4.2934417724609375, 4.144906997680664, 4.3544769287109375, 4.045009613037109, 6.916999816894531, 4.076242446899414, 4.019021987915039, 4.009008407592773, 4.540205001831055, 4.349231719970703, 4.331350326538086, 3.904581069946289, 4.235982894897461, 6.462812423706055, 5.178689956665039, 4.390716552734375, 4.081487655639648, 5.015134811401367, 4.050970077514648, 4.392385482788086, 5.5522918701171875, 5.2509307861328125, 4.839897155761719, 3.790616989135742, 5.032777786254883, 4.970550537109375, 4.353761672973633, 3.525257110595703, 3.8313865661621094, 3.8547515869140625, 3.983736038208008, 3.7047863006591797, 4.254817962646484, 3.602743148803711, 3.7841796875, 3.6211013793945312, 4.174709320068359, 3.8595199584960938, 4.2133331298828125, 3.5228729248046875, 3.9644241333007812, 3.7415027618408203, 3.9777755737304688, 4.749059677124023, 3.9873123168945312, 3.74603271484375, 7.910966873168945, 4.841089248657227, 10.291337966918945, 4.355430603027344, 4.528999328613281, 3.5495758056640625, 3.6017894744873047, 3.557920455932617, 3.666400909423828, 3.525257110595703, 3.631114959716797, 3.6466121673583984, 3.6039352416992188, 3.4303665161132812, 3.8886070251464844, 3.4017562866210938, 3.813028335571289, 3.5572052001953125, 3.635883331298828, 3.344297409057617, 3.628253936767578, 3.538370132446289, 3.677845001220703, 3.4830570220947266, 3.6187171936035156, 3.5800933837890625, 4.090070724487305, 3.609180450439453, 3.7779808044433594, 3.483295440673828, 3.854036331176758, 3.8034915924072266, 3.9827823638916016, 3.518342971801758, 3.8857460021972656, 3.475666046142578, 3.770589828491211, 3.6041736602783203, 3.6585330963134766, 3.4668445587158203, 3.7970542907714844, 3.442049026489258, 3.7126541137695312, 3.590822219848633, 5.996465682983398, 3.9603710174560547, 4.542112350463867, 3.511190414428711, 3.8878917694091797, 3.795623779296875, 3.86810302734375, 3.5867691040039062, 3.663301467895508, 3.5719871520996094, 3.9734840393066406, 3.5169124603271484, 3.648519515991211, 3.596782684326172, 3.7577152252197266, 3.9076805114746094, 3.8063526153564453, 3.5033226013183594, 3.7851333618164062, 3.475666046142578, 3.733396530151367, 3.8127899169921875, 14.177322387695312, 3.6973953247070312, 3.7603378295898438, 3.6439895629882812, 3.622293472290039, 3.5247802734375, 3.6013126373291016, 3.638029098510742, 3.6537647247314453, 3.5059452056884766, 3.9741992950439453, 3.5545825958251953, 3.653287887573242, 3.448009490966797, 3.9474964141845703, 3.536224365234375, 3.7326812744140625, 3.4928321838378906, 3.827333450317383, 4.050493240356445, 3.849506378173828, 3.552675247192383, 3.8230419158935547, 3.7441253662109375, 12.218713760375977, 3.8290023803710938, 3.7708282470703125, 3.5059452056884766, 3.674745559692383, 3.5414695739746094, 3.5638809204101562, 3.5414695739746094, 3.6211013793945312, 3.3991336822509766, 3.8378238677978516, 3.8073062896728516, 3.8983821868896484, 3.598451614379883, 3.900766372680664, 3.4487247467041016, 4.046916961669922, 5.781650543212891, 4.1332244873046875, 3.4606456756591797, 3.512144088745117, 3.475189208984375, 4.154443740844727, 3.5948753356933594, 4.1484832763671875, 3.709554672241211, 4.450798034667969, 3.654003143310547, 3.7801265716552734, 3.6635398864746094, 4.212617874145508, 4.047870635986328, 3.7162303924560547, 3.8378238677978516, 4.070281982421875, 3.974437713623047, 4.631280899047852, 4.218578338623047, 4.111528396606445, 3.7479400634765625, 3.5753250122070312, 5.259513854980469, 5.041599273681641, 3.5457611083984375, 3.9763450622558594, 4.328250885009766, 7.871150970458984, 3.691434860229492, 4.410028457641602, 4.174470901489258, 4.258394241333008, 4.871606826782227, 4.235506057739258, 4.2724609375, 8.324384689331055, 4.045724868774414, 3.713846206665039, 4.937648773193359, 4.479408264160156, 4.147768020629883, 4.575490951538086, 4.936933517456055, 3.9365291595458984, 3.722667694091797, 4.156827926635742, 3.695964813232422, 4.422664642333984, 4.20379638671875, 4.981040954589844, 3.9920806884765625, 4.929780960083008, 5.102396011352539, 4.030466079711914, 3.7322044372558594, 3.7984848022460938, 7.351398468017578, 4.089117050170898, 3.6630630493164062, 4.070281982421875, 3.7369728088378906, 3.614664077758789, 3.5538673400878906, 4.071235656738281, 5.355119705200195, 3.706216812133789, 3.4406185150146484, 3.882884979248047, 3.734111785888672, 4.140615463256836, 3.4830570220947266, 3.873586654663086, 3.5026073455810547, 4.559516906738281, 3.835916519165039, 4.192590713500977, 3.719329833984375, 3.6551952362060547, 3.5796165466308594, 3.694772720336914, 3.744363784790039, 4.059076309204102, 3.6325454711914062, 3.7775039672851562, 3.6821365356445312, 3.6890506744384766, 3.4906864166259766, 3.6160945892333984, 3.8766860961914062, 4.432439804077148, 3.7965774536132812, 3.789663314819336, 3.5943984985351562, 4.221916198730469, 3.859281539916992, 4.004240036010742, 3.7946701049804688, 3.796815872192383, 3.586292266845703, 3.9148330688476562, 4.557609558105469, 3.870725631713867, 3.543376922607422, 3.618001937866211, 15.725135803222656, 4.088401794433594, 3.957509994506836, 4.472970962524414, 3.8301944732666016, 3.9534568786621094, 3.905057907104492, 5.340099334716797, 3.766775131225586, 4.25410270690918, 3.9262771606445312, 3.900289535522461, 3.651857376098633, 3.9970874786376953, 3.840208053588867, 3.7255287170410156, 3.459930419921875, 3.6096572875976562, 3.529787063598633, 3.8695335388183594, 3.5550594329833984, 3.638029098510742, 3.495931625366211, 3.5381317138671875, 3.586292266845703, 3.839254379272461, 3.763437271118164, 3.622293472290039, 3.396749496459961, 3.7384033203125, 3.702402114868164, 3.733396530151367, 3.399372100830078, 3.8063526153564453, 13.916254043579102, 4.244089126586914, 3.5948753356933594, 3.6118030548095703, 3.483295440673828, 3.835916519165039, 3.466367721557617, 3.687620162963867, 3.4945011138916016, 3.818511962890625, 3.6182403564453125, 3.7107467651367188, 3.7364959716796875, 3.5858154296875, 3.9396286010742188, 13.914108276367188, 3.6458969116210938, 3.647327423095703, 3.7841796875, 4.116535186767578, 3.744840621948242, 4.60505485534668, 3.3893585205078125, 4.043340682983398, 6.246089935302734, 3.6160945892333984, 3.5352706909179688, 3.7527084350585938, 3.7994384765625, 3.911256790161133, 3.523111343383789, 3.8297176361083984, 4.43267822265625, 3.8449764251708984, 3.570556640625, 3.900289535522461, 3.5822391510009766, 