{"start": 1546289746.080864, "timings": [19.016265869140625, 25.68507194519043, 1.1293888092041016, 26.86309814453125, 82.02362060546875, 4.082441329956055, 10.114192962646484, 26.082277297973633, 8.276224136352539, 19.30093765258789, 18.228530883789062, 10.127067565917969, 66.85233116149902, 14.047861099243164, 15.56253433227539, 2.7527809143066406, 11.077404022216797, 13.508081436157227, 14.160633087158203, 17.34781265258789, 9.517431259155273, 3.3783912658691406, 76.5218734741211, 14.322996139526367, 11.75379753112793, 6.019115447998047, 23.767948150634766, 16.859769821166992, 64.51773643493652, 19.666194915771484, 17.32611656188965, 18.27073097229004, 2.2771358489990234, 6.867170333862305, 19.45209503173828, 7.687091827392578, 3.9670467376708984, 17.424583435058594, 56.482791900634766, 24.312257766723633, 11.240720748901367, 25.54941177368164, 25.16317367553711, 69.82564926147461, 25.49123764038086, 13.709068298339844, 23.794174194335938, 17.467737197875977, 8.570194244384766, 82.1382999420166, 32.84859657287598, 10.615348815917969, 22.428035736083984, 10.782480239868164, 22.362709045410156, 11.259078979492188, 4.417896270751953, 82.04936981201172, 5.0754547119140625, 22.988319396972656, 14.101982116699219, 21.62790298461914, 25.748729705810547, 61.88535690307617, 21.712303161621094, 2.3162364959716797, 19.291162490844727, 3.0202865600585938, 8.696317672729492, 14.068365097045898, 5.84721565246582, 8.879661560058594, 2.4003982543945312, 17.49730110168457, 63.30299377441406, 28.904199600219727, 23.499011993408203, 9.438514709472656, 15.953302383422852, 8.11910629272461, 78.59969139099121, 8.96310806274414, 18.922805786132812, 25.053977966308594, 9.438514709472656, 21.436452865600586, 9.950399398803711, 76.5376091003418, 2.0732879638671875, 11.32655143737793, 13.397455215454102, 13.132095336914062, 17.48371124267578, 15.025615692138672, 21.98171615600586, 74.2177963256836, 14.878511428833008, 23.27585220336914, 3.2498836517333984, 23.95033836364746, 6.450414657592773, 26.05605125427246, 71.49100303649902, 15.796661376953125, 29.436349868774414, 33.29610824584961, 89.86425399780273, 24.203062057495117, 33.30588340759277, 24.784326553344727, 71.9597339630127, 5.824804306030273, 25.613069534301758, 10.432243347167969, 15.123367309570312, 16.504764556884766, 22.31454849243164, 70.60074806213379, 9.186506271362305, 4.114866256713867, 17.2274112701416, 11.323690414428711, 22.518396377563477, 23.072481155395508, 9.831905364990234, 58.76803398132324, 21.721363067626953, 24.358749389648438, 9.286880493164062, 19.388675689697266, 10.20669937133789, 81.4199447631836, 24.497032165527344, 27.011632919311523, 6.130695343017578, 5.429983139038086, 21.816015243530273, 8.549690246582031, 20.5538272857666, 7.377862930297852, 61.31100654602051, 22.622108459472656, 8.706808090209961, 7.7190399169921875, 25.324344635009766, 19.482135772705078, 9.861946105957031, 71.25258445739746, 2.5587081909179688, 14.04428482055664, 13.780593872070312, 12.814521789550781, 22.551536560058594, 5.966901779174805, 22.307872772216797, 6.621360778808594, 80.81269264221191, 18.03874969482422, 9.868860244750977, 19.459009170532227, 19.41394805908203, 24.095535278320312, 70.82200050354004, 7.565021514892578, 6.455659866333008, 14.01209831237793, 13.994216918945312, 14.896392822265625, 10.481595993041992, 8.190393447875977, 10.712385177612305, 13.10276985168457, 69.51522827148438, 8.766889572143555, 5.311727523803711, 16.85357093811035, 9.270668029785156, 18.521547317504883, 10.720014572143555, 89.19739723205566, 7.082462310791016, 11.396169662475586, 12.786626815795898, 18.37897300720215, 10.310649871826172, 25.58588981628418, 69.42272186279297, 12.227535247802734, 18.87822151184082, 9.42540168762207, 20.313262939453125, 9.528875350952148, 4.105567932128906, 21.422147750854492, 7.507801055908203, 74.63955879211426, 20.99752426147461, 14.038324356079102, 21.846771240234375, 17.778873443603516, 2.5691986083984375, 11.07335090637207, 70.90353965759277, 9.717702865600586, 20.415782928466797, 10.914325714111328, 27.23526954650879, 6.43610954284668, 76.80225372314453, 24.08146858215332, 8.157968521118164, 28.600215911865234, 18.299102783203125, 11.272668838500977, 71.14815711975098, 2.254962921142578, 33.02359580993652, 7.698297500610352, 21.30126953125, 8.491992950439453, 13.872146606445312, 15.634775161743164, 67.44098663330078, 17.682790756225586, 27.73594856262207, 24.40643310546875, 15.195131301879883, 26.40533447265625, 13.422966003417969, 80.94429969787598, 21.58331871032715, 18.51058006286621, 11.207103729248047, 23.77939224243164, 69.91362571716309, 9.971141815185547, 25.735855102539062, 7.180452346801758, 21.422624588012695, 79.25987243652344, 19.941329956054688, 22.64547348022461, 13.106346130371094, 21.645784378051758, 10.048866271972656, 78.2470703125, 14.829635620117188, 6.608009338378906, 10.753870010375977, 17.295360565185547, 9.00888442993164, 25.993824005126953, 79.0712833404541, 9.829521179199219, 6.701469421386719, 21.348237991333008, 17.77791976928711, 10.194063186645508, 4.229307174682617, 18.87035369873047, 85.15667915344238, 21.4383602142334, 9.342193603515625, 15.935420989990234, 14.813423156738281, 17.197370529174805, 63.10081481933594, 14.181852340698242, 15.036344528198242, 24.80459213256836, 6.272554397583008, 14.072895050048828, 25.166988372802734, 62.309980392456055, 18.337488174438477, 10.283231735229492, 18.627166748046875, 9.353160858154297, 18.339872360229492, 13.241767883300781, 77.9564380645752, 18.697738647460938, 10.432004928588867, 22.284507751464844, 28.996706008911133, 85.27779579162598, 15.110492706298828, 22.834062576293945, 26.854753494262695, 17.106294631958008, 12.140989303588867, 71.25616073608398, 25.759220123291016, 13.396978378295898, 25.928258895874023, 21.869897842407227, 60.63675880432129, 27.570486068725586, 17.666101455688477, 15.016794204711914, 25.381803512573242, 11.449575424194336, 20.411968231201172, 6.806373596191406, 62.537193298339844, 23.5140323638916, 10.86115837097168, 23.99468421936035, 12.07113265991211, 3.384828567504883, 23.833751678466797, 12.883901596069336, 17.809629440307617, 60.54258346557617, 4.181623458862305, 16.476154327392578, 12.26353645324707, 16.837358474731445, 10.049581527709961, 17.63296127319336, 3.0517578125, 11.3983154296875, 69.9915885925293, 13.678312301635742, 22.344589233398438, 15.38538932800293, 13.114690780639648, 17.958402633666992, 10.483980178833008, 6.023883819580078, 74.42045211791992, 4.910469055175781, 23.87380599975586, 7.709264755249023, 15.073537826538086, 10.678291320800781, 24.50847625732422, 2.1386146545410156, 69.85926628112793, 12.055397033691406, 16.945838928222656, 14.181852340698242, 25.62880516052246, 23.43916893005371, 63.085317611694336, 23.193836212158203, 11.033058166503906, 23.928165435791016, 13.40031623840332, 24.179935455322266, 9.143352508544922, 72.39341735839844, 27.294635772705078, 11.571645736694336, 19.1495418548584, 11.725187301635742, 25.13265609741211, 3.4449100494384766, 77.86965370178223, 7.084131240844727, 21.925926208496094, 2.403736114501953, 23.763179779052734, 9.718894958496094, 25.33721923828125, 82.76629447937012, 24.96337890625, 24.589061737060547, 16.209840774536133, 69.91720199584961, 30.714988708496094, 7.086753845214844, 17.984867095947266, 20.63751220703125, 22.609233856201172, 18.968582153320312, 62.38365173339844, 19.936323165893555, 26.32737159729004, 16.595125198364258, 20.787477493286133, 15.562057495117188, 63.23051452636719, 4.998922348022461, 18.11385154724121, 2.681255340576172, 12.127876281738281, 13.672590255737305, 13.609647750854492, 17.94147491455078, 11.635780334472656, 72.53408432006836, 13.689756393432617, 22.6438045501709, 10.998964309692383, 21.712303161621094, 25.112390518188477, 81.41469955444336, 7.221460342407227, 13.692378997802734, 14.857769012451172, 19.441604614257812, 7.968902587890625, 4.971027374267578, 20.769357681274414, 11.154651641845703, 82.10968971252441, 19.150733947753906, 12.411832809448242, 6.323099136352539, 