{"start": 1545698370.417105, "timings": [17.224788665771484, 0.6420612335205078, 0.37026405334472656, 24.72686767578125, 42.75178909301758, 21.448373794555664, 11.450052261352539, 26.088953018188477, 15.29383659362793, 37.92881965637207, 15.6402587890625, 32.48000144958496, 13.11039924621582, 30.60150146484375, 29.951810836791992, 36.25011444091797, 22.679567337036133, 17.48061180114746, 30.467510223388672, 26.195526123046875, 15.492677688598633, 47.43170738220215, 13.26894760131836, 36.45491600036621, 19.53721046447754, 44.70014572143555, 26.092529296875, 19.37103271484375, 33.74171257019043, 21.002769470214844, 28.037548065185547, 22.2930908203125, 16.794919967651367, 37.23311424255371, 27.594804763793945, 28.7630558013916, 39.186954498291016, 5.424022674560547, 35.16817092895508, 25.27165412902832, 13.645648956298828, 37.51230239868164, 16.2508487701416, 34.29555892944336, 23.196935653686523, 19.200563430786133, 32.80806541442871, 13.371467590332031, 32.251834869384766, 8.507490158081055, 33.92624855041504, 45.145273208618164, 27.00328826904297, 17.21930503845215, 24.003267288208008, 12.459516525268555, 52.82163619995117, 28.908491134643555, 17.989158630371094, 35.073280334472656, 8.753061294555664, 29.626131057739258, 19.595861434936523, 36.74769401550293, 26.78990364074707, 12.386322021484375, 32.312631607055664, 26.264429092407227, 29.199600219726562, 28.551578521728516, 16.846418380737305, 27.825593948364258, 40.71950912475586, 13.124704360961914, 5.191326141357422, 25.395870208740234, 20.59149742126465, 32.204389572143555, 40.68303108215332, 16.43848419189453, 26.486635208129883, 17.12203025817871, 20.632028579711914, 12.53652572631836, 24.30248260498047, 24.682044982910156, 35.587310791015625, 26.877403259277344, 42.01769828796387, 25.950193405151367, 37.15705871582031, 9.624242782592773, 29.36077117919922, 25.247812271118164, 53.02691459655762, 8.40306282043457, 13.147830963134766, 34.04498100280762, 22.92919158935547, 18.419742584228516, 39.48855400085449, 36.66424751281738, 20.94578742980957, 14.737844467163086, 34.91640090942383, 14.807462692260742, 26.274919509887695, 13.83352279663086, 26.163816452026367, 13.495683670043945, 22.830486297607422, 32.87863731384277, 26.606082916259766, 25.901317596435547, 25.531768798828125, 35.67862510681152, 34.12485122680664, 38.18011283874512, 36.60440444946289, 35.57133674621582, 14.200687408447266, 36.52763366699219, 26.064634323120117, 44.33107376098633, 24.614810943603516, 17.096281051635742, 25.804996490478516, 10.198354721069336, 50.57978630065918, 38.201093673706055, 15.043020248413086, 25.94137191772461, 19.376754760742188, 35.76540946960449, 16.362428665161133, 23.52762222290039, 13.913154602050781, 31.564950942993164, 42.15264320373535, 31.337976455688477, 19.743680953979492, 26.700258255004883, 24.985313415527344, 24.845361709594727, 38.677215576171875, 26.91197395324707, 15.200614929199219, 20.94554901123047, 33.483028411865234, 23.778200149536133, 13.574361801147461, 31.44979476928711, 24.33156967163086, 12.473821640014648, 54.49557304382324, 28.848886489868164, 37.596940994262695, 16.54791831970215, 37.30583190917969, 13.069391250610352, 26.129484176635742, 4.210948944091797, 27.721405029296875, 28.10215950012207, 45.1047420501709, 25.224685668945312, 18.108367919921875, 36.43155097961426, 8.781194686889648, 39.38412666320801, 32.88865089416504, 20.067691802978516, 34.38425064086914, 22.547245025634766, 16.272783279418945, 48.36750030517578, 19.00506019592285, 19.852638244628906, 12.145757675170898, 25.060653686523438, 13.659238815307617, 34.99412536621094, 13.499259948730469, 24.283885955810547, 27.333974838256836, 22.18484878540039, 37.17041015625, 34.71088409423828, 15.323400497436523, 23.66328239440918, 14.080286026000977, 50.37951469421387, 29.70600128173828, 20.338773727416992, 27.274608612060547, 26.701927185058594, 32.85980224609375, 28.87892723083496, 18.797874450683594, 25.44403076171875, 13.727664947509766, 48.96402359008789, 21.398544311523438, 22.130489349365234, 28.025150299072266, 26.902198791503906, 24.666786193847656, 49.10135269165039, 28.17678451538086, 12.256145477294922, 10.193347930908203, 27.441978454589844, 52.80470848083496, 6.781101226806641, 22.325515747070312, 17.554759979248047, 27.385234832763672, 20.933866500854492, 5.631446838378906, 25.538206100463867, 27.074098587036133, 5.495309829711914, 13.781070709228516, 28.823375701904297, 15.979528427124023, 49.08490180969238, 26.613235473632812, 22.491931915283203, 32.412052154541016, 27.501344680786133, 45.77755928039551, 22.678136825561523, 33.17427635192871, 37.71328926086426, 4.071235656738281, 45.712947845458984, 30.925273895263672, 4.398822784423828, 31.377077102661133, 42.85717010498047, 20.72620391845703, 27.797698974609375, 30.38334846496582, 22.965669631958008, 36.295175552368164, 35.61806678771973, 29.882431030273438, 18.523693084716797, 27.901411056518555, 33.04028511047363, 29.45852279663086, 19.73891258239746, 20.20573616027832, 27.899980545043945, 52.112579345703125, 25.548696517944336, 17.4560546875, 22.986412048339844, 13.11802864074707, 45.14050483703613, 23.483991622924805, 9.541749954223633, 35.19916534423828, 41.57376289367676, 12.63737678527832, 35.72273254394531, 36.57841682434082, 32.75036811828613, 39.45589065551758, 14.066457748413086, 35.26043891906738, 33.579349517822266, 40.068626403808594, 13.453960418701172, 5.802392959594727, 31.17203712463379, 23.828744888305664, 17.80533790588379, 36.65733337402344, 14.810800552368164, 24.506092071533203, 12.720346450805664, 29.01768684387207, 28.481245040893555, 22.742033004760742, 25.508880615234375, 13.756990432739258, 23.505687713623047, 17.699003219604492, 39.72220420837402, 24.697065353393555, 16.911029815673828, 36.974191665649414, 24.212121963500977, 13.191699981689453, 38.45834732055664, 13.839006423950195, 8.855819702148438, 22.785425186157227, 37.351369857788086, 6.1511993408203125, 13.084650039672852, 46.16260528564453, 28.002500534057617, 26.65853500366211, 13.093709945678711, 41.90683364868164, 11.574506759643555, 28.290271759033203, 8.367776870727539, 38.46621513366699, 31.711339950561523, 10.117530822753906, 34.08455848693848, 33.85615348815918, 12.190818786621094, 40.15493392944336, 30.27939796447754, 12.687444686889648, 27.340173721313477, 28.036117553710938, 13.07058334350586, 42.4497127532959, 33.5078239440918, 18.607139587402344, 29.85835075378418, 41.55325889587402, 25.754928588867188, 15.892982482910156, 24.219512939453125, 13.529062271118164, 49.549102783203125, 26.693105697631836, 15.946149826049805, 24.570465087890625, 14.182806015014648, 44.97122764587402, 25.58422088623047, 24.055957794189453, 22.59230613708496, 18.227338790893555, 23.68760108947754, 21.62790298461914, 11.182069778442383, 30.770301818847656, 34.265756607055664, 22.73845672607422, 12.960672378540039, 37.77718544006348, 12.010335922241211, 27.281999588012695, 3.834247589111328, 17.353057861328125, 27.43983268737793, 10.914325714111328, 44.45815086364746, 15.906810760498047, 33.957719802856445, 26.702880859375, 14.187335968017578, 52.58679389953613, 35.567283630371094, 31.914472579956055, 26.073932647705078, 28.26237678527832, 29.54697608947754, 33.25772285461426, 20.362377166748047, 49.8502254486084, 37.71066665649414, 26.337862014770508, 18.49651336669922, 35.66312789916992, 34.55519676208496, 15.96379280090332, 27.676105499267578, 13.55290412902832, 29.244422912597656, 13.541460037231445, 41.165828704833984, 16.16501808166504, 31.636953353881836, 24.980783462524414, 13.622522354125977, 45.218467712402344, 27.1148681640625, 13.315677642822266, 7.192850112915039, 25.153398513793945, 11.730670928955078, 45.24660110473633, 38.59901428222656, 25.637388229370117, 17.709016799926758, 6.255388259887695, 46.06008529663086, 22.856473922729492, 21.288633346557617, 22.297382354736328, 27.352094650268555, 12.170553207397461, 35.765886306762695, 12.95781135559082, 34.20257568359375, 22.8421688079834, 14.992713928222656, 40.289878845214844, 13.164281845092773, 