{"start": 1546289710.0209792, "timings": [19.379377365112305, 0.5450248718261719, 0.2951622009277344, 53.079843521118164, 43.851375579833984, 4.785776138305664, 4.3048858642578125, 3.917217254638672, 4.94384765625, 4.123210906982422, 3.831148147583008, 3.8797855377197266, 5.5828094482421875, 4.950046539306641, 4.040002822875977, 5.024433135986328, 4.726886749267578, 4.096508026123047, 4.67991828918457, 3.8084983825683594, 3.8819313049316406, 3.9086341857910156, 4.002809524536133, 3.857851028442383, 3.8726329803466797, 3.7751197814941406, 3.666400909423828, 4.51350212097168, 3.8068294525146484, 3.9892196655273438, 3.8492679595947266, 3.7877559661865234, 4.03904914855957, 3.8056373596191406, 3.9229393005371094, 3.794431686401367, 4.579782485961914, 3.879547119140625, 4.054784774780273, 3.9184093475341797, 4.051446914672852, 5.082845687866211, 4.147768020629883, 4.339456558227539, 4.101037979125977, 4.459857940673828, 3.84521484375, 3.731250762939453, 3.874540328979492, 3.8824081420898438, 4.622936248779297, 3.8759708404541016, 3.7424564361572266, 3.8399696350097656, 3.7364959716796875, 4.752874374389648, 3.8368701934814453, 3.7741661071777344, 3.8459300994873047, 3.7620067596435547, 4.643917083740234, 3.7794113159179688, 3.8957595825195312, 3.887653350830078, 3.7169456481933594, 4.467487335205078, 3.7305355072021484, 3.7276744842529297, 3.7355422973632812, 3.7980079650878906, 4.542112350463867, 4.270315170288086, 4.107236862182617, 3.9005279541015625, 3.9665699005126953, 4.576921463012695, 3.7734508514404297, 3.766298294067383, 3.7381649017333984, 3.928661346435547, 4.54401969909668, 3.77655029296875, 3.7136077880859375, 3.674745559692383, 3.770589828491211, 4.465341567993164, 3.7696361541748047, 3.840923309326172, 3.778219223022461, 3.812551498413086, 4.450082778930664, 3.9539337158203125, 3.7965774536132812, 3.712177276611328, 3.691434860229492, 4.506349563598633, 3.8759708404541016, 3.785371780395508, 3.607034683227539, 3.7267208099365234, 4.481315612792969, 3.6988258361816406, 3.7889480590820312, 3.616809844970703, 3.698587417602539, 4.590511322021484, 3.6666393280029297, 3.7004947662353516, 3.6776065826416016, 3.7932395935058594, 4.427194595336914, 3.6427974700927734, 3.7746429443359375, 3.810882568359375, 3.6580562591552734, 4.630565643310547, 3.745555877685547, 3.6830902099609375, 3.633737564086914, 3.6695003509521484, 4.731893539428711, 3.7338733673095703, 3.726482391357422, 3.7310123443603516, 3.796815872192383, 3.88336181640625, 3.8356781005859375, 3.7331581115722656, 3.7064552307128906, 3.8378238677978516, 3.749370574951172, 3.604888916015625, 3.7047863006591797, 4.941463470458984, 4.303693771362305, 3.9739608764648438, 4.210948944091797, 6.082057952880859, 6.649255752563477, 5.560874938964844, 5.732297897338867, 5.775213241577148, 5.778312683105469, 6.428003311157227, 5.539178848266602, 5.526065826416016, 4.879474639892578, 3.864765167236328, 4.523992538452148, 3.740072250366211, 3.970623016357422, 3.9260387420654297, 3.88336181640625, 4.686832427978516, 3.7953853607177734, 3.753662109375, 3.959178924560547, 3.976106643676758, 4.787445068359375, 4.09698486328125, 3.9119720458984375, 3.937244415283203, 3.894329071044922, 3.8650035858154297, 3.8902759552001953, 3.7708282470703125, 3.772735595703125, 4.574060440063477, 3.7605762481689453, 3.7283897399902344, 3.773212432861328, 3.8123130798339844, 4.591703414916992, 3.9052963256835938, 3.8259029388427734, 4.78672981262207, 4.287004470825195, 4.9381256103515625, 4.925251007080078, 4.631757736206055, 4.478693008422852, 4.372596740722656, 4.436492919921875, 4.151344299316406, 3.84521484375, 3.835439682006836, 3.764629364013672, 3.8590431213378906, 3.9148330688476562, 4.097223281860352, 3.762960433959961, 3.871917724609375, 3.7267208099365234, 3.8733482360839844, 3.783702850341797, 4.030466079711914, 3.7508010864257812, 3.930807113647461, 3.8552284240722656, 3.889799118041992, 3.815174102783203, 3.7832260131835938, 3.854513168334961, 3.7860870361328125, 3.826618194580078, 3.7202835083007812, 3.692150115966797, 3.749847412109375, 3.76129150390625, 3.7403106689453125, 3.777027130126953, 3.715038299560547, 3.7071704864501953, 3.8137435913085938, 3.6695003509521484, 3.863811492919922, 3.6742687225341797, 3.771543502807617, 3.8912296295166016, 3.874540328979492, 3.7212371826171875, 3.670215606689453, 3.8700103759765625, 3.822803497314453, 3.851175308227539, 3.779888153076172, 3.7775039672851562, 3.787994384765625, 3.7527084350585938, 3.8573741912841797, 3.9534568786621094, 3.7500858306884766, 3.7689208984375, 3.767251968383789, 3.802776336669922, 3.9484500885009766, 3.893613815307617, 3.9870738983154297, 3.865480422973633, 3.9877891540527344, 3.83758544921875, 3.800630569458008, 3.9191246032714844, 3.7598609924316406, 3.732919692993164, 3.7505626678466797, 3.823995590209961, 3.742694854736328, 3.9124488830566406, 4.84776496887207, 4.265546798706055, 4.367589950561523, 4.352092742919922, 4.502296447753906, 4.2552947998046875, 4.311561584472656, 5.186557769775391, 5.922794342041016, 6.20722770690918, 6.340503692626953, 5.697488784790039, 5.693674087524414, 5.614280700683594, 5.373954772949219, 5.373716354370117, 4.5337677001953125, 3.992319107055664, 3.812551498413086, 3.6971569061279297, 3.7763118743896484, 3.9267539978027344, 3.845691680908203, 4.033565521240234, 3.983736038208008, 3.8709640502929688, 3.7610530853271484, 3.903627395629883, 3.79180908203125, 3.6864280700683594, 3.690958023071289, 4.088878631591797, 4.321098327636719, 4.30607795715332, 4.294872283935547, 4.371881484985352, 5.493640899658203, 4.192352294921875, 4.158496856689453, 4.389762878417969, 4.815578460693359, 4.105329513549805, 4.03594970703125, 3.9603710174560547, 4.917383193969727, 3.8945674896240234, 4.779577255249023, 3.8383007049560547, 3.7288665771484375, 4.718542098999023, 3.743410110473633, 4.862546920776367, 3.815889358520508, 3.7004947662353516, 3.728151321411133, 3.7453174591064453, 3.6933422088623047, 3.755331039428711, 3.7643909454345703, 3.8199424743652344, 3.8068294525146484, 3.8623809814453125, 3.7953853607177734, 3.864288330078125, 4.534006118774414, 4.790067672729492, 3.9446353912353516, 4.610538482666016, 4.606962203979492, 4.75764274597168, 4.694223403930664, 5.549430847167969, 4.842281341552734, 5.03849983215332, 3.9911270141601562, 3.8836002349853516, 3.9479732513427734, 4.0340423583984375, 4.103183746337891, 4.033327102661133, 4.6901702880859375, 4.32276725769043, 3.9663314819335938, 5.174160003662109, 4.050016403198242, 3.963947296142578, 3.8268566131591797, 3.6783218383789062, 3.7691593170166016, 4.604339599609375, 3.7097930908203125, 3.863811492919922, 3.812551498413086, 4.023551940917969, 4.577875137329102, 3.6852359771728516, 3.86810302734375, 3.7848949432373047, 3.7860870361328125, 4.428386688232422, 3.732919692993164, 3.7746429443359375, 3.805875778198242, 3.7026405334472656, 4.528045654296875, 3.957033157348633, 3.935575485229492, 3.8068294525146484, 3.873586654663086, 4.441738128662109, 3.7136077880859375, 3.713846206665039, 3.847837448120117, 4.3163299560546875, 3.9365291595458984, 3.856182098388672, 3.854990005493164, 3.7856101989746094, 4.572629928588867, 3.834247589111328, 4.065752029418945, 3.873109817504883, 5.08427619934082, 3.9386749267578125, 3.705263137817383, 3.7496089935302734, 3.8881301879882812, 4.497766494750977, 3.808259963989258, 3.955364227294922, 3.9527416229248047, 3.706216812133789, 4.459857940673828, 3.665447235107422, 3.6864280700683594, 3.7806034088134766, 3.8132667541503906, 4.07099723815918, 4.069805145263672, 3.8416385650634766, 3.7729740142822266, 3.713846206665039, 3.766775131225586, 3.7412643432617188, 3.8328170776367188, 5.314826965332031, 4.353523254394531, 4.3468475341796875, 3.959178924560547, 4.098653793334961, 4.332304000854492, 3.863096237182617, 3.8373470306396484, 3.7164688110351562, 3.7190914154052734, 3.9644241333007812, 3.8661956787109375, 3.812551498413086, 3.7708282470703125, 3.796815872192383, 3.801584243774414, 3.862142562866211, 4.343509674072266, 