{"start": 1546289902.6026947, "timings": [1.0972023010253906, 1.1143684387207031, 0.8959770202636719, 1.0187625885009766, 1.1429786682128906, 1.1026859283447266, 0.9465217590332031, 0.8594989776611328, 0.9431838989257812, 0.8721351623535156, 0.8852481842041016, 0.8699893951416016, 0.8480548858642578, 0.8482933044433594, 0.8397102355957031, 0.8554458618164062, 0.8447170257568359, 0.8516311645507812, 0.8473396301269531, 0.8580684661865234, 0.8332729339599609, 0.8349418640136719, 0.9264945983886719, 0.8702278137207031, 0.8406639099121094, 0.87738037109375, 0.8866786956787109, 0.9210109710693359, 0.8790493011474609, 0.8466243743896484, 0.8339881896972656, 0.8757114410400391, 0.9109973907470703, 0.8637905120849609, 0.8435249328613281, 0.8761882781982422, 0.8931159973144531, 0.9145736694335938, 0.8628368377685547, 0.8444786071777344, 0.8292198181152344, 0.8525848388671875, 0.8368492126464844, 0.8761882781982422, 0.8425712585449219, 0.9555816650390625, 0.8740425109863281, 0.8862018585205078, 0.8611679077148438, 0.9300708770751953, 0.9293556213378906, 0.8780956268310547, 0.8502006530761719, 0.8366107940673828, 0.9818077087402344, 0.9453296661376953, 0.8442401885986328, 0.9181499481201172, 0.8819103240966797, 0.873565673828125, 0.8363723754882812, 0.8361339569091797, 1.1110305786132812, 1.1103153228759766, 0.8997917175292969, 0.8816719055175781, 0.8606910705566406, 0.9071826934814453, 0.8919239044189453, 0.9198188781738281, 0.8645057678222656, 0.9093284606933594, 0.8873939514160156, 0.9636878967285156, 0.9005069732666016, 0.9598731994628906, 0.946044921875, 0.9150505065917969, 0.9548664093017578, 0.8814334869384766, 0.8840560913085938, 0.9644031524658203, 0.9114742279052734, 0.8668899536132812, 0.8616447448730469, 1.1188983917236328, 0.9529590606689453, 0.7963180541992188, 0.8196830749511719, 0.8096694946289062, 0.8008480072021484, 0.8046627044677734, 0.7908344268798828, 0.8063316345214844, 0.8034706115722656, 0.8184909820556641, 0.7712841033935547, 0.7872581481933594, 0.7996559143066406, 0.8070468902587891, 0.7872581481933594, 0.7927417755126953, 0.7817745208740234, 0.7963180541992188, 0.8001327514648438, 0.7956027984619141, 0.7922649383544922, 0.7777214050292969, 0.8180141448974609, 0.8001327514648438, 0.7793903350830078, 0.797271728515625, 0.7731914520263672, 0.7944107055664062, 0.7944107055664062, 0.782012939453125, 0.7977485656738281, 0.7812976837158203, 0.7944107055664062, 0.8141994476318359, 0.7855892181396484, 0.7951259613037109, 0.7798671722412109, 0.7905960083007812, 0.7886886596679688, 0.7767677307128906, 0.8103847503662109, 0.8268356323242188, 0.8549690246582031, 0.8378028869628906, 0.8227825164794922, 0.8685588836669922, 0.8232593536376953, 0.8292198181152344, 0.8795261383056641, 0.8056163787841797, 0.8823871612548828, 0.8039474487304688, 0.8299350738525391, 0.8833408355712891, 0.820159912109375, 0.8969306945800781, 0.8614063262939453, 0.8265972137451172, 0.9093284606933594, 0.7975101470947266, 0.8614063262939453, 0.8885860443115234, 0.8637905120849609, 0.9014606475830078, 0.8027553558349609, 0.8881092071533203, 0.9057521820068359, 0.8192062377929688, 0.9086132049560547, 0.8182525634765625, 0.8382797241210938, 0.8256435394287109, 0.865936279296875, 0.8797645568847656, 0.8337497711181641, 0.8280277252197266, 0.8168220520019531, 0.8115768432617188, 0.8425712585449219, 1.0387897491455078, 1.0788440704345703, 1.2176036834716797, 1.1284351348876953, 1.1081695556640625, 1.1777877807617188, 0.8807182312011719, 0.8342266082763672, 0.7760524749755859, 0.7717609405517578, 0.7841587066650391, 0.7665157318115234, 0.7607936859130859, 0.7700920104980469, 0.8065700531005859, 0.8234977722167969, 0.7879734039306641, 0.7796287536621094, 0.7719993591308594, 0.8335113525390625, 0.7703304290771484, 0.7939338684082031, 0.7829666137695312, 0.8199214935302734, 0.8213520050048828, 0.8187294006347656, 0.7710456848144531, 0.7641315460205078, 0.7522106170654297, 0.7734298706054688, 0.7681846618652344, 0.7474422454833984, 0.7462501525878906, 0.7653236389160156, 0.7483959197998047, 0.7965564727783203, 0.7700920104980469, 0.8728504180908203, 0.8580684661865234, 0.7946491241455078, 0.7789134979248047, 0.7679462432861328, 0.759124755859375, 0.7398128509521484, 0.7491111755371094, 0.7753372192382812, 0.7476806640625, 0.7462501525878906, 0.7519721984863281, 0.7677078247070312, 0.7729530334472656, 0.8063316345214844, 0.8184909820556641, 0.7376670837402344, 0.7421970367431641, 0.7600784301757812, 0.7557868957519531, 0.7390975952148438, 0.7476806640625, 0.7538795471191406, 0.7536411285400391, 0.7510185241699219, 0.7534027099609375, 0.7331371307373047, 0.7498264312744141, 0.7455348968505859, 0.7750988006591797, 0.7545948028564453, 0.7627010345458984, 0.79345703125, 0.7927417755126953, 0.7522106170654297, 0.7579326629638672, 0.7345676422119141, 0.7367134094238281, 0.7309913635253906, 0.7457733154296875, 0.7579326629638672, 0.7505416870117188, 0.7491111755371094, 0.7569789886474609, 1.1315345764160156, 0.8721351623535156, 0.8087158203125, 0.7975101470947266, 0.7777214050292969, 0.8523464202880859, 0.797271728515625, 0.8065700531005859, 0.8046627044677734, 0.8451938629150391, 0.8299350738525391, 0.8091926574707031, 0.8540153503417969, 0.782012939453125, 0.8707046508789062, 0.7977485656738281, 0.8094310760498047, 0.7929801940917969, 0.7927417755126953, 0.8270740509033203, 0.8263587951660156, 0.7925033569335938, 0.7758140563964844, 0.7901191711425781, 0.8051395416259766, 0.9148120880126953, 0.86212158203125, 0.7801055908203125, 0.7791519165039062, 0.8578300476074219, 0.8256435394287109, 0.8196830749511719, 0.8952617645263672, 0.7991790771484375, 0.8113384246826172, 0.9019374847412109, 0.934600830078125, 0.8144378662109375, 0.9086132049560547, 0.8242130279541016, 0.8976459503173828, 0.8075237274169922, 0.7653236389160156, 0.7534027099609375, 0.9684562683105469, 0.9441375732421875, 0.804901123046875, 0.8437633514404297, 0.8082389831542969, 0.7882118225097656, 0.7815361022949219, 0.7863044738769531, 0.7848739624023438, 0.7739067077636719, 0.7846355438232422, 0.7679462432861328, 0.7793903350830078, 0.7777214050292969, 0.7627010345458984, 0.7889270782470703, 0.7598400115966797, 0.7779598236083984, 0.8878707885742188, 1.0540485382080078, 0.9303092956542969, 0.8618831634521484, 0.8051395416259766, 0.7853507995605469, 0.8075237274169922, 0.8254051208496094, 0.8242130279541016, 0.8220672607421875, 0.8234977722167969, 0.8392333984375, 0.8141994476318359, 0.8037090301513672, 0.8380413055419922, 0.8237361907958984, 0.8623600006103516, 0.7920265197753906, 0.7710456848144531, 0.7693767547607422, 0.7703304290771484, 0.7796287536621094, 0.7703304290771484, 0.8406639099121094, 0.8199214935302734, 0.8642673492431641, 0.8442401885986328, 0.8447170257568359, 0.8590221405029297, 0.8215904235839844, 0.83160400390625, 0.9162425994873047, 0.8301734924316406, 0.8733272552490234, 0.7874965667724609, 0.7891654968261719, 0.8814334869384766, 0.8335113525390625, 0.8516311645507812, 0.8215904235839844, 0.7791519165039062, 0.7784366607666016, 0.7619857788085938, 0.8914470672607422, 0.8385181427001953, 0.8115768432617188, 0.7686614990234375, 0.8687973022460938, 0.7665157318115234, 0.7848739624023438, 0.7522106170654297, 0.7624626159667969, 0.7960796356201172, 0.8311271667480469, 0.7977485656738281, 0.8256435394287109, 0.8220672607421875, 0.8852481842041016, 0.8387565612792969, 0.8087158203125, 0.8156299591064453, 0.8518695831298828, 0.8852481842041016, 0.8227825164794922, 0.8378028869628906, 0.7686614990234375, 0.7610321044921875, 0.7727146148681641, 0.7636547088623047, 0.7615089416503906, 0.7829666137695312, 0.7333755493164062, 0.7908344268798828, 0.823974609375, 0.820159912109375, 0.8616447448730469, 0.8580684661865234, 0.8754730224609375, 0.8461475372314453, 0.8268356323242188, 0.8378028869628906, 0.8268356323242188, 0.8945465087890625, 0.8313655853271484, 0.7884502410888672, 0.8218288421630859, 0.8203983306884766, 0.8962154388427734, 0.8800029754638672, 0.7867813110351562, 0.8084774017333984, 0.8459091186523438, 