{"start": 1546928822.45487, "timings": [72.8294849395752, 29.144287109375, 4.520416259765625, 15.882253646850586, 69.4434642791748, 237.01143264770508, 229.0210723876953, 115.55027961730957, 136.94095611572266, 14.2364501953125, 42.174577713012695, 140.07329940795898, 118.68476867675781, 108.90913009643555, 108.01076889038086, 41.79501533508301, 130.4328441619873, 26.23581886291504, 220.41630744934082, 9.531736373901367, 118.14093589782715, 32.02652931213379, 43.05863380432129, 139.65845108032227, 125.14591217041016, 39.479970932006836, 197.18027114868164, 42.01817512512207, 129.84228134155273, 141.89410209655762, 119.34804916381836, 43.03622245788574, 8.323431015014648, 191.6675567626953, 42.78063774108887, 36.12327575683594, 118.48306655883789, 116.63365364074707, 43.16210746765137, 41.0463809967041, 211.7173671722412, 128.4651756286621, 41.81838035583496, 112.62297630310059, 40.27056694030762, 116.58596992492676, 214.2636775970459, 36.42392158508301, 122.93052673339844, 39.595842361450195, 148.2400894165039, 107.6211929321289, 231.51469230651855, 41.4888858795166, 139.46962356567383, 115.46802520751953, 47.812461853027344, 109.91668701171875, 120.89776992797852, 128.84211540222168, 143.26882362365723, 46.27203941345215, 155.6246280670166, 229.82287406921387, 134.78803634643555, 42.16456413269043, 137.82644271850586, 119.08745765686035, 39.31784629821777, 200.41656494140625, 34.24429893493652, 125.45299530029297, 136.1410617828369, 112.5798225402832, 37.337541580200195, 35.17603874206543, 202.58522033691406, 55.54652214050293, 133.73041152954102, 124.21464920043945, 40.865182876586914, 113.07859420776367, 104.2177677154541, 110.68534851074219, 28.825044631958008, 135.8804702758789, 47.03474044799805, 115.95749855041504, 36.94653511047363, 198.1799602508545, 147.902250289917, 42.54150390625, 110.0006103515625, 39.04366493225098, 149.51062202453613, 193.47286224365234, 125.44107437133789, 32.96494483947754, 30.37428855895996, 123.57139587402344, 24.4290828704834, 151.58629417419434, 35.223960876464844, 198.3489990234375, 36.39674186706543, 120.60904502868652, 130.81741333007812, 40.49539566040039, 30.38167953491211, 128.0653476715088, 110.49365997314453, 126.52468681335449, 38.54179382324219, 140.23494720458984, 59.25178527832031, 133.56447219848633, 224.49994087219238, 19.255876541137695, 138.17501068115234, 32.411813735961914, 118.22390556335449, 37.75739669799805, 89.78939056396484, 37.02425956726074, 48.12049865722656, 193.40205192565918, 39.0777587890625, 117.7825927734375, 109.11893844604492, 42.58131980895996, 148.15354347229004, 40.99130630493164, 193.35150718688965, 41.333675384521484, 112.82515525817871, 38.91348838806152, 109.78984832763672, 118.50166320800781, 50.098419189453125, 219.16842460632324, 151.10349655151367, 18.505334854125977, 132.94386863708496, 42.43946075439453, 201.01618766784668, 125.83780288696289, 22.852182388305664, 39.68000411987305, 109.89952087402344, 34.73615646362305, 136.3358497619629, 53.232431411743164, 198.9572048187256, 39.2613410949707, 111.85765266418457, 143.9805030822754, 37.119388580322266, 121.62137031555176, 41.4426326751709, 198.8503932952881, 34.958600997924805, 120.23162841796875, 41.88084602355957, 117.55537986755371, 137.2051239013672, 42.85073280334473, 202.2724151611328, 45.8989143371582, 127.56872177124023, 146.8062400817871, 29.72555160522461, 99.46370124816895, 119.78316307067871, 108.47353935241699, 42.98543930053711, 137.8183364868164, 37.375688552856445, 113.21091651916504, 37.857770919799805, 205.66177368164062, 30.303239822387695, 126.08170509338379, 38.83171081542969, 124.85718727111816, 38.1014347076416, 113.14868927001953, 39.47758674621582, 188.5986328125, 38.98310661315918, 94.10762786865234, 26.906490325927734, 145.4916000366211, 40.122032165527344, 113.80267143249512, 8.55255126953125, 131.85977935791016, 120.1937198638916, 34.693002700805664, 114.01534080505371, 108.5820198059082, 44.75116729736328, 23.84662628173828, 211.0116481781006, 39.08658027648926, 112.2593879699707, 150.93135833740234, 40.065765380859375, 123.87657165527344, 39.4437313079834, 192.62242317199707, 40.99559783935547, 129.45270538330078, 111.3290786743164, 49.57938194274902, 146.7900276184082, 47.61314392089844, 197.81851768493652, 33.86092185974121, 116.39928817749023, 38.85912895202637, 124.2380142211914, 111.07063293457031, 42.096853256225586, 39.49713706970215, 230.19051551818848, 41.64481163024902, 143.15223693847656, 104.26712036132812, 24.78504180908203, 140.0761604309082, 14.028072357177734, 119.77291107177734, 114.97664451599121, 40.25077819824219, 147.11356163024902, 110.0304126739502, 222.7485179901123, 21.295785903930664, 137.36438751220703, 42.01078414916992, 125.88834762573242, 37.10174560546875, 103.5771369934082, 24.601221084594727, 194.81253623962402, 37.99271583557129, 126.32894515991211, 33.45227241516113, 34.4696044921875, 119.93575096130371, 126.91950798034668, 35.83788871765137, 208.71877670288086, 26.439189910888672, 36.005258560180664, 119.78363990783691, 47.79529571533203, 111.86003684997559, 38.263559341430664, 110.0766658782959, 124.09710884094238, 111.12213134765625, 34.73973274230957, 121.86527252197266, 117.5079345703125, 43.24221611022949, 113.49797248840332, 121.68169021606445, 50.94599723815918, 115.59796333312988, 42.84858703613281, 130.3112506866455, 118.53528022766113, 32.99713134765625, 29.978513717651367, 199.5677947998047, 141.4191722869873, 118.45827102661133, 38.3145809173584, 144.90103721618652, 43.36428642272949, 221.7872142791748, 30.714988708496094, 134.6724033355713, 40.749549865722656, 109.25650596618652, 19.58942413330078, 107.42664337158203, 43.28775405883789, 121.59895896911621, 101.63664817810059, 26.298999786376953, 108.79969596862793, 47.65748977661133, 24.344205856323242, 131.93535804748535, 215.09051322937012, 24.12247657775879, 159.00754928588867, 135.85519790649414, 108.4752082824707, 44.399261474609375, 36.253929138183594, 207.58056640625, 36.80253028869629, 113.40045928955078, 42.17529296875, 109.21692848205566, 144.13857460021973, 224.93338584899902, 29.491186141967773, 120.34344673156738, 146.79932594299316, 43.82133483886719, 137.03322410583496, 200.54984092712402, 134.14549827575684, 24.995803833007812, 110.55183410644531, 41.18490219116211, 129.88877296447754, 20.691633224487305, 216.56060218811035, 28.21493148803711, 125.45466423034668, 26.215314865112305, 133.9869499206543, 19.479990005493164, 208.85968208312988, 28.783321380615234, 40.21334648132324, 142.67563819885254, 130.63359260559082, 51.260948181152344, 138.81969451904297, 191.21313095092773, 38.29050064086914, 130.91325759887695, 19.177913665771484, 133.32653045654297, 24.545669555664062, 133.9285373687744, 19.466638565063477, 41.80908203125, 197.08657264709473, 47.495126724243164, 142.0130729675293, 116.87088012695312, 129.5030117034912, 25.455236434936523, 128.40795516967773, 142.43793487548828, 52.977800369262695, 112.37215995788574, 143.71800422668457, 25.576353073120117, 204.32519912719727, 20.637989044189453, 125.60319900512695, 26.001453399658203, 145.31326293945312, 41.14985466003418, 109.21645164489746, 205.8696746826172, 30.777454376220703, 148.43153953552246, 37.12773323059082, 113.22808265686035, 139.30296897888184, 37.79482841491699, 196.46167755126953, 123.75044822692871, 25.6195068359375, 115.42463302612305, 42.1147346496582, 39.682865142822266, 231.66704177856445, 128.15499305725098, 139.8770809173584, 40.461063385009766, 131.41250610351562, 187.59822845458984, 37.02592849731445, 129.34112548828125, 45.0899600982666, 48.25949668884277, 130.21063804626465, 110.75878143310547, 41.45383834838867, 220.82233428955078, 29.557228088378906, 147.57108688354492, 39.97063636779785, 127.78162956237793, 131.3469409942627, 46.08893394470215, 201.11751556396484, 132.7211856842041, 25.72488784790039, 134.36388969421387, 25.6500244140625, 40.01879692077637, 126.1453628540039, 206.618070602417, 19.43683624267578, 154.4516086578369, 43.15495491027832, 121.60563468933105, 