{"start": 1546928822.4715238, "timings": [239.31646347045898, 176.56278610229492, 265.5918598175049, 166.95404052734375, 141.95609092712402, 253.3285617828369, 184.85713005065918, 132.3530673980713, 125.57125091552734, 259.81760025024414, 132.0207118988037, 160.9961986541748, 154.67309951782227, 220.17312049865723, 169.41118240356445, 202.0883560180664, 242.38991737365723, 118.7126636505127, 195.84202766418457, 111.56606674194336, 234.67659950256348, 154.78086471557617, 150.62379837036133, 142.29440689086914, 250.67949295043945, 112.10775375366211, 170.759916305542, 152.59766578674316, 201.28989219665527, 170.53866386413574, 159.12342071533203, 242.3689365386963, 177.0946979522705, 102.6456356048584, 169.29316520690918, 268.7985897064209, 124.72963333129883, 175.35400390625, 154.97398376464844, 232.0845127105713, 152.43911743164062, 162.66942024230957, 238.92664909362793, 118.52359771728516, 196.4714527130127, 130.09142875671387, 260.5569362640381, 153.2731056213379, 130.0671100616455, 155.26986122131348, 244.72594261169434, 138.3953094482422, 120.61905860900879, 177.15859413146973, 254.8046112060547, 137.68386840820312, 197.21293449401855, 134.42182540893555, 232.60951042175293, 204.95009422302246, 125.53167343139648, 240.9079074859619, 155.5635929107666, 199.6309757232666, 195.0240135192871, 233.4573268890381, 152.82201766967773, 161.47923469543457, 130.99288940429688, 231.86993598937988, 192.6138401031494, 113.1124496459961, 157.3927402496338, 234.21096801757812, 140.2726173400879, 189.94569778442383, 201.51615142822266, 183.5343837738037, 154.0966033935547, 125.88739395141602, 248.07095527648926, 135.55312156677246, 169.83652114868164, 165.97342491149902, 237.66851425170898, 168.8680648803711, 136.53564453125, 156.04591369628906, 236.41681671142578, 154.09111976623535, 181.95033073425293, 219.818115234375, 137.1002197265625, 181.97178840637207, 182.2373867034912, 241.12725257873535, 132.62462615966797, 152.04286575317383, 128.63516807556152, 234.36522483825684, 157.22060203552246, 163.61451148986816, 131.03675842285156, 274.79076385498047, 140.1808261871338, 141.7241096496582, 250.51140785217285, 160.74800491333008, 185.53972244262695, 116.35589599609375, 227.10609436035156, 179.0180206298828, 146.76523208618164, 134.22298431396484, 248.91090393066406, 207.38840103149414, 130.63836097717285, 151.49331092834473, 232.77926445007324, 158.77127647399902, 190.40179252624512, 118.16120147705078, 243.21222305297852, 206.17341995239258, 149.8854160308838, 210.01505851745605, 133.07714462280273, 168.90597343444824, 177.14381217956543, 258.744478225708, 144.08588409423828, 163.66958618164062, 147.83978462219238, 235.72134971618652, 135.7436180114746, 180.81283569335938, 243.90029907226562, 129.6529769897461, 161.84377670288086, 149.78837966918945, 234.81988906860352, 156.9650173187256, 167.39153861999512, 186.0971450805664, 203.64689826965332, 172.95336723327637, 174.69239234924316, 131.02364540100098, 224.73645210266113, 172.07789421081543, 157.1958065032959, 194.25368309020996, 239.0916347503662, 154.93321418762207, 168.2717800140381, 223.771333694458, 178.03525924682617, 127.01606750488281, 166.18967056274414, 219.0239429473877, 146.9588279724121, 185.15300750732422, 125.56242942810059, 237.5929355621338, 150.27475357055664, 154.05845642089844, 154.9813747406006, 208.92977714538574, 171.04530334472656, 112.9159927368164, 167.21248626708984, 258.66007804870605, 167.60778427124023, 123.61025810241699, 242.39730834960938, 160.28714179992676, 152.87518501281738, 150.28953552246094, 208.08696746826172, 161.81278228759766, 172.2397804260254, 197.07083702087402, 224.81393814086914, 158.0371856689453, 159.97052192687988, 129.974365234375, 222.41902351379395, 167.5267219543457, 184.17835235595703, 226.72414779663086, 188.35711479187012, 162.73021697998047, 159.9423885345459, 238.13199996948242, 154.88648414611816, 126.95121765136719, 171.9808578491211, 225.08955001831055, 138.83376121520996, 164.12758827209473, 127.0287036895752, 249.89080429077148, 161.59486770629883, 101.00317001342773, 270.63918113708496, 160.82286834716797, 109.04288291931152, 205.88445663452148, 232.3307991027832, 178.58529090881348, 196.04921340942383, 146.73304557800293, 241.3330078125, 110.92162132263184, 186.05756759643555, 104.30240631103516, 282.6662063598633, 168.96891593933105, 122.99537658691406, 268.00990104675293, 130.2664279937744, 175.0655174255371, 144.56510543823242, 229.25090789794922, 170.20916938781738, 166.61906242370605, 136.60240173339844, 248.36301803588867, 166.9752597808838, 129.96196746826172, 281.34751319885254, 143.86367797851562, 145.7521915435791, 169.25787925720215, 251.5554428100586, 114.4866943359375, 154.2038917541504, 160.33601760864258, 270.33448219299316, 170.91608047485352, 132.5817108154297, 142.24863052368164, 234.2531681060791, 182.69586563110352, 136.15107536315918, 147.62330055236816, 261.293888092041, 150.96735954284668, 126.93166732788086, 274.09982681274414, 124.94063377380371, 162.98913955688477, 152.9707908630371, 216.21298789978027, 194.82707977294922, 127.98666954040527, 159.06786918640137, 253.9384365081787, 141.0057544708252, 151.6134738922119, 174.25870895385742, 242.52009391784668, 152.52995491027832, 125.71954727172852, 229.22658920288086, 169.9538230895996, 113.0683422088623, 198.06265830993652, 268.8891887664795, 136.97481155395508, 134.54055786132812, 193.10855865478516, 197.75056838989258, 156.37803077697754, 152.1584987640381, 165.01116752624512, 217.62394905090332, 193.62306594848633, 127.85601615905762, 259.53006744384766, 128.8282871246338, 172.9257106781006, 131.5443515777588, 256.05297088623047, 132.03191757202148, 180.6626319885254, 129.63199615478516, 229.66670989990234, 160.16912460327148, 141.76535606384277, 180.99093437194824, 234.08961296081543, 137.53676414489746, 151.08609199523926, 166.5802001953125, 258.3744525909424, 130.42521476745605, 206.86006546020508, 219.9726104736328, 157.69267082214355, 148.41985702514648, 157.28330612182617, 271.65794372558594, 136.73949241638184, 162.15920448303223, 134.1726779937744, 266.571044921875, 143.19586753845215, 145.08342742919922, 134.58919525146484, 244.6889877319336, 156.28838539123535, 162.36472129821777, 222.22018241882324, 171.77200317382812, 125.95248222351074, 156.38232231140137, 241.62936210632324, 155.67541122436523, 150.74396133422852, 154.53863143920898, 233.16383361816406, 143.90921592712402, 161.80801391601562, 260.56790351867676, 158.50377082824707, 147.88222312927246, 175.1697063446045, 214.70403671264648, 151.02458000183105, 170.96662521362305, 133.34226608276367, 260.8611583709717, 159.0287685394287, 165.6637191772461, 159.03735160827637, 227.21266746520996, 148.9875316619873, 162.6296043395996, 147.3863124847412, 208.18233489990234, 144.881010055542, 195.33681869506836, 208.60648155212402, 182.35325813293457, 151.6401767730713, 134.57369804382324, 234.0703010559082, 144.2551612854004, 177.77013778686523, 152.3282527923584, 241.08076095581055, 157.84597396850586, 137.18199729919434, 134.75632667541504, 288.8023853302002, 181.88071250915527, 175.34613609313965, 231.93025588989258, 130.98406791687012, 149.08361434936523, 154.00266647338867, 208.9402675628662, 158.53261947631836, 161.55123710632324, 160.01033782958984, 226.84264183044434, 155.26366233825684, 171.7686653137207, 145.73144912719727, 226.5787124633789, 155.7915210723877, 155.67684173583984, 241.3182258605957, 170.46451568603516, 141.94726943969727, 185.39023399353027, 215.0876522064209, 199.31507110595703, 118.66164207458496, 213.92297744750977, 230.20195960998535, 153.6564826965332, 150.25854110717773, 186.8884563446045, 270.1425552368164, 196.1386203765869, 126.62672996520996, 145.94650268554688, 250.04196166992188, 157.99832344055176, 170.84383964538574, 231.15992546081543, 136.84749603271484, 173.50125312805176, 153.900146484375, 212.76569366455078, 175.9943962097168, 137.25662231445312, 146.6507911682129, 250.96821784973145, 164.5529270172119, 140.1956081390381, 172.2407341003418, 