{"start": 1546289683.1110623, "timings": [1.0037422180175781, 4.334449768066406, 7.792949676513672, 3.1363964080810547, 3.038644790649414, 3.364086151123047, 2.648591995239258, 2.6826858520507812, 3.4253597259521484, 3.611326217651367, 2.6514530181884766, 5.271196365356445, 8.518218994140625, 5.919456481933594, 5.226850509643555, 6.04701042175293, 6.722927093505859, 4.430532455444336, 7.099151611328125, 3.7283897399902344, 4.334449768066406, 5.922555923461914, 4.628419876098633, 5.958080291748047, 5.422115325927734, 4.669427871704102, 5.431413650512695, 4.968166351318359, 5.290746688842773, 5.988121032714844, 3.8957595825195312, 4.562616348266602, 4.909753799438477, 5.606174468994141, 6.2808990478515625, 4.2514801025390625, 6.154537200927734, 4.7321319580078125, 6.801128387451172, 6.711006164550781, 5.809545516967773, 4.616498947143555, 5.186319351196289, 4.887580871582031, 7.29060173034668, 4.623174667358398, 4.50897216796875, 5.822658538818359, 6.129264831542969, 4.768133163452148, 4.398107528686523, 5.532264709472656, 4.892587661743164, 5.34510612487793, 5.176067352294922, 6.238698959350586, 4.521369934082031, 5.709409713745117, 5.014896392822266, 5.564451217651367, 6.470918655395508, 4.135370254516602, 5.439996719360352, 6.374120712280273, 4.966974258422852, 4.941701889038086, 5.880117416381836, 5.53441047668457, 4.791736602783203, 6.293058395385742, 5.667686462402344, 4.665136337280273, 6.042003631591797, 5.259513854980469, 7.512092590332031, 5.741119384765625, 4.471302032470703, 3.864288330078125, 7.663249969482422, 4.045724868774414, 7.418632507324219, 5.234718322753906, 3.563404083251953, 4.458904266357422, 6.268739700317383, 3.3407211303710938, 6.402730941772461, 5.832433700561523, 4.570960998535156, 5.845308303833008, 5.278348922729492, 5.146980285644531, 4.327058792114258, 5.766630172729492, 5.768299102783203, 5.003690719604492, 5.184650421142578, 4.930257797241211, 6.241083145141602, 6.541252136230469, 5.259513854980469, 4.95600700378418, 6.166696548461914, 8.395910263061523, 11.607646942138672, 8.281469345092773, 6.914615631103516, 7.98344612121582, 8.857011795043945, 7.493019104003906, 9.13858413696289, 5.729436874389648, 9.160757064819336, 6.80232048034668, 7.812738418579102, 6.819725036621094, 8.579254150390625, 7.544040679931641, 10.26296615600586, 6.830692291259766, 7.243156433105469, 7.83991813659668, 7.173299789428711, 7.460355758666992, 9.533166885375977, 7.982492446899414, 9.710311889648438, 7.908344268798828, 9.982824325561523, 8.148431777954102, 7.587909698486328, 7.874727249145508, 8.287906646728516, 8.388042449951172, 8.064508438110352, 8.470296859741211, 7.0209503173828125, 9.02557373046875, 7.73310661315918, 6.780862808227539, 7.349729537963867, 7.178306579589844, 7.423162460327148, 9.980440139770508, 6.741046905517578, 6.9141387939453125, 8.55255126953125, 8.455991744995117, 8.477449417114258, 7.872819900512695, 7.756471633911133, 8.32509994506836, 7.209062576293945, 9.026288986206055, 5.076885223388672, 8.874654769897461, 7.272005081176758, 8.864164352416992, 7.056236267089844, 7.958173751831055, 7.615566253662109, 7.536888122558594, 7.516622543334961, 7.738351821899414, 8.42595100402832, 8.280277252197266, 4.998207092285156, 7.867097854614258, 10.781288146972656, 9.43613052368164, 8.61978530883789, 6.661653518676758, 5.833148956298828, 7.085084915161133, 7.783651351928711, 10.382652282714844, 5.214691162109375, 10.53166389465332, 8.094549179077148, 7.6351165771484375, 8.081436157226562, 10.156869888305664, 7.643699645996094, 7.808923721313477, 8.11910629272461, 9.433507919311523, 8.32223892211914, 7.878541946411133, 5.600929260253906, 8.777856826782227, 8.728981018066406, 8.322715759277344, 11.148929595947266, 6.204366683959961, 9.899616241455078, 6.2923431396484375, 8.109569549560547, 9.816884994506836, 7.40361213684082, 8.786678314208984, 7.812023162841797, 10.124683380126953, 8.99195671081543, 7.75146484375, 9.231090545654297, 7.9860687255859375, 7.662057876586914, 7.4253082275390625, 8.657455444335938, 8.019685745239258, 8.217811584472656, 8.921384811401367, 7.497549057006836, 13.036489486694336, 7.934093475341797, 8.161067962646484, 7.734537124633789, 11.29007339477539, 7.109642028808594, 7.721424102783203, 10.780811309814453, 7.349729537963867, 6.403684616088867, 9.313821792602539, 7.861137390136719, 7.751703262329102, 8.91733169555664, 5.626201629638672, 8.209943771362305, 7.307767868041992, 5.988836288452148, 9.985685348510742, 5.59687614440918, 7.918357849121094, 9.215354919433594, 7.518529891967773, 11.401891708374023, 7.738351821899414, 9.625434875488281, 7.582426071166992, 6.414651870727539, 6.382465362548828, 9.416341781616211, 9.404182434082031, 7.308721542358398, 11.516094207763672, 6.364583969116211, 7.849693298339844, 9.828567504882812, 7.90715217590332, 6.963253021240234, 7.658958435058594, 5.532979965209961, 8.391618728637695, 8.053779602050781, 7.855892181396484, 9.383201599121094, 9.378671646118164, 9.358882904052734, 7.852315902709961, 7.887363433837891, 9.794473648071289, 6.397008895874023, 8.851766586303711, 6.75201416015625, 8.639812469482422, 10.10751724243164, 9.977340698242188, 9.121417999267578, 6.860971450805664, 9.142398834228516, 9.672880172729492, 8.649826049804688, 10.364770889282227, 9.165048599243164, 8.953094482421875, 10.94961166381836, 7.673740386962891, 6.2732696533203125, 13.463258743286133, 12.317895889282227, 6.748676300048828, 10.869503021240234, 8.681058883666992, 6.635427474975586, 12.064695358276367, 6.694316864013672, 9.617805480957031, 7.586479187011719, 9.883642196655273, 10.54239273071289, 8.464336395263672, 5.123615264892578, 12.158393859863281, 8.340835571289062, 6.187677383422852, 8.755207061767578, 7.728815078735352, 8.454561233520508, 9.882450103759766, 9.511709213256836, 6.139039993286133, 12.431859970092773, 6.936311721801758, 7.966756820678711, 10.014772415161133, 6.272315979003906, 8.368730545043945, 10.025739669799805, 6.087064743041992, 6.674528121948242, 9.982585906982422, 8.190631866455078, 9.758472442626953, 6.246805191040039, 9.399890899658203, 6.450891494750977, 8.068561553955078, 7.317543029785156, 9.39631462097168, 4.563808441162109, 10.081768035888672, 9.222745895385742, 10.236978530883789, 10.397911071777344, 9.963750839233398, 7.132053375244141, 9.712696075439453, 6.122827529907227, 8.585214614868164, 7.90715217590332, 8.167743682861328, 7.737159729003906, 12.002706527709961, 7.8334808349609375, 7.046937942504883, 9.711027145385742, 5.904912948608398, 9.010791778564453, 9.57345962524414, 6.939411163330078, 10.58053970336914, 6.396293640136719, 8.342981338500977, 8.929729461669922, 10.218620300292969, 8.959770202636719, 8.685588836669922, 6.417751312255859, 8.744239807128906, 10.632038116455078, 10.155916213989258, 7.229804992675781, 7.579803466796875, 8.381843566894531, 7.698774337768555, 10.776042938232422, 8.849859237670898, 6.870746612548828, 8.283376693725586, 10.68878173828125, 7.923364639282227, 10.526418685913086, 9.269952774047852, 11.222124099731445, 6.791830062866211, 9.487152099609375, 9.385824203491211, 11.609315872192383, 8.584737777709961, 8.308649063110352, 7.967948913574219, 6.23631477355957, 9.222984313964844, 9.2620849609375, 8.135795593261719, 8.140087127685547, 10.80775260925293, 8.32056999206543, 9.829521179199219, 8.188724517822266, 8.424997329711914, 6.902456283569336, 8.91423225402832, 8.158445358276367, 10.764122009277344, 8.890867233276367, 7.794857025146484, 10.24770736694336, 7.099390029907227, 9.74273681640625, 11.187076568603516, 8.582353591918945, 6.250143051147461, 11.369943618774414, 6.911277770996094, 7.4405670166015625, 9.489059448242188, 10.994672775268555, 8.114814758300781, 10.612249374389648, 9.409666061401367, 8.043050765991211, 8.411169052124023, 7.230520248413086, 10.715246200561523, 5.89442253112793, 9.475231170654297, 8.063793182373047, 9.60397720336914, 10.688066482543945, 11.185646057128906, 10.220527648925781, 5.67173957824707, 9.141683578491211, 8.901834487915039, 6.707191467285156, 