{"start": 1546928687.1026373, "timings": [77.07428932189941, 16.621112823486328, 4.13823127746582, 3.941774368286133, 87.92352676391602, 326.20787620544434, 135.74981689453125, 116.00565910339355, 127.197265625, 194.34428215026855, 30.05695343017578, 123.46768379211426, 25.30980110168457, 40.70234298706055, 129.6083927154541, 125.8387565612793, 27.947425842285156, 43.32756996154785, 198.6088752746582, 144.2103385925293, 39.44516181945801, 127.10928916931152, 121.2778091430664, 27.738332748413086, 192.18993186950684, 34.76381301879883, 39.652109146118164, 113.17706108093262, 128.875732421875, 42.3736572265625, 200.1209259033203, 32.84716606140137, 125.85043907165527, 36.09442710876465, 104.85720634460449, 40.31109809875488, 141.42179489135742, 207.41820335388184, 148.15402030944824, 33.27345848083496, 117.33007431030273, 119.67968940734863, 36.83280944824219, 226.03201866149902, 23.700952529907227, 118.19124221801758, 27.210235595703125, 143.16916465759277, 39.40534591674805, 197.0198154449463, 39.92509841918945, 109.59219932556152, 136.02256774902344, 41.23544692993164, 113.7702465057373, 218.13488006591797, 42.9682731628418, 106.9490909576416, 41.61715507507324, 124.46737289428711, 30.199527740478516, 120.68033218383789, 32.87386894226074, 197.86834716796875, 44.54660415649414, 124.52173233032227, 30.45654296875, 117.08235740661621, 148.8475799560547, 41.292428970336914, 185.88733673095703, 126.21212005615234, 26.42202377319336, 126.20878219604492, 19.04892921447754, 111.59610748291016, 39.06750679016113, 219.61474418640137, 18.700838088989258, 40.207862854003906, 145.4148292541504, 106.86874389648438, 35.24351119995117, 191.819429397583, 123.14867973327637, 25.133371353149414, 132.48801231384277, 48.89631271362305, 125.77199935913086, 104.99119758605957, 113.45362663269043, 125.85783004760742, 25.44379234313965, 146.4550495147705, 43.57576370239258, 111.83619499206543, 33.983707427978516, 204.94771003723145, 117.66171455383301, 30.170440673828125, 33.89286994934082, 113.33298683166504, 33.96248817443848, 113.11650276184082, 39.4289493560791, 177.0644187927246, 44.16799545288086, 106.7955493927002, 141.27850532531738, 35.59589385986328, 132.91358947753906, 197.42345809936523, 148.79751205444336, 32.62519836425781, 128.1147003173828, 33.59031677246094, 185.57286262512207, 113.96908760070801, 30.860424041748047, 131.2386989593506, 52.054405212402344, 112.97297477722168, 219.28954124450684, 33.120155334472656, 38.518667221069336, 119.97675895690918, 137.84384727478027, 40.79866409301758, 123.4438419342041, 39.910078048706055, 187.08419799804688, 131.17718696594238, 47.0128059387207, 116.67585372924805, 40.014028549194336, 111.85479164123535, 38.655996322631836, 184.89503860473633, 37.76288032531738, 113.90995979309082, 147.97425270080566, 131.7422389984131, 13.621330261230469, 177.9499053955078, 44.039011001586914, 37.54854202270508, 129.65726852416992, 39.73269462585449, 130.46693801879883, 196.88868522644043, 38.38992118835449, 108.94250869750977, 138.76771926879883, 132.80344009399414, 31.866788864135742, 190.64831733703613, 27.074813842773438, 119.09317970275879, 31.510114669799805, 123.260498046875, 30.47943115234375, 138.7038230895996, 42.27328300476074, 189.072847366333, 18.86296272277832, 115.66472053527832, 28.298377990722656, 135.4222297668457, 30.525684356689453, 125.24819374084473, 115.83828926086426, 120.66054344177246, 150.6035327911377, 42.97804832458496, 106.94265365600586, 35.178184509277344, 208.77504348754883, 145.8876132965088, 43.92886161804199, 115.13829231262207, 40.04359245300293, 143.45717430114746, 215.5764102935791, 53.71737480163574, 127.22206115722656, 115.45681953430176, 30.50398826599121, 117.16103553771973, 30.462980270385742, 200.49190521240234, 38.64312171936035, 39.38174247741699, 119.31467056274414, 38.81096839904785, 103.65867614746094, 33.77985954284668, 114.30859565734863, 111.78970336914062, 120.67580223083496, 37.65988349914551, 110.5799674987793, 33.85329246520996, 124.42350387573242, 111.86432838439941, 30.750274658203125, 100.99339485168457, 123.45671653747559, 39.328575134277344, 110.61811447143555, 147.04632759094238, 41.993141174316406, 234.80701446533203, 109.10367965698242, 128.10945510864258, 24.54662322998047, 31.002283096313477, 118.02458763122559, 41.88990592956543, 180.56631088256836, 143.74446868896484, 30.651330947875977, 129.95338439941406, 42.259931564331055, 109.15231704711914, 202.71849632263184, 42.44399070739746, 133.70823860168457, 42.88315773010254, 113.21401596069336, 37.523746490478516, 151.26490592956543, 112.59222030639648, 114.42327499389648, 38.8178825378418, 120.2092170715332, 138.65923881530762, 35.747528076171875, 177.40869522094727, 19.0122127532959, 143.59140396118164, 36.33475303649902, 112.45083808898926, 40.88759422302246, 113.85726928710938, 205.15847206115723, 51.558732986450195, 113.24429512023926, 34.72638130187988, 134.52792167663574, 37.042856216430664, 125.01406669616699, 181.62226676940918, 30.80892562866211, 29.99567985534668, 117.19822883605957, 122.59483337402344, 26.018142700195312, 125.31661987304688, 25.76470375061035, 24.134397506713867, 206.7432403564453, 39.63661193847656, 108.5348129272461, 134.34672355651855, 39.83640670776367, 184.54813957214355, 49.37124252319336, 112.33854293823242, 44.05641555786133, 114.62879180908203, 106.77266120910645, 40.053367614746094, 200.38270950317383, 24.69182014465332, 137.42828369140625, 39.41011428833008, 110.84508895874023, 35.2015495300293, 113.61265182495117, 224.09796714782715, 40.444374084472656, 112.8380298614502, 118.07560920715332, 41.42165184020996, 156.97765350341797, 37.48178482055664, 181.17094039916992, 24.88565444946289, 41.951656341552734, 141.39676094055176, 116.51277542114258, 195.1911449432373, 29.544830322265625, 139.23048973083496, 43.764591217041016, 115.28325080871582, 35.24637222290039, 113.07191848754883, 44.71850395202637, 182.5108528137207, 116.09625816345215, 30.606746673583984, 139.3425464630127, 30.43389320373535, 123.63505363464355, 35.23087501525879, 184.25679206848145, 35.41111946105957, 114.48788642883301, 40.91501235961914, 110.89110374450684, 120.32771110534668, 41.17083549499512, 34.93452072143555, 196.55847549438477, 33.72454643249512, 113.70277404785156, 29.623031616210938, 122.2681999206543, 29.7544002532959, 187.82567977905273, 32.08160400390625, 123.3060359954834, 43.031930923461914, 112.93935775756836, 38.35272789001465, 106.83250427246094, 46.8897819519043, 191.44153594970703, 33.62226486206055, 114.20583724975586, 128.42130661010742, 20.13540267944336, 141.29137992858887, 41.75448417663574, 188.18163871765137, 38.34700584411621, 130.66649436950684, 120.26476860046387, 39.96157646179199, 153.8543701171875, 233.80494117736816, 35.86077690124512, 118.44491958618164, 36.15427017211914, 112.75672912597656, 40.08936882019043, 137.44020462036133, 192.2163963317871, 33.75077247619629, 130.43951988220215, 125.13470649719238, 26.170730590820312, 41.94974899291992, 221.8642234802246, 109.79056358337402, 123.7032413482666, 30.162572860717773, 29.549598693847656, 115.58032035827637, 41.44883155822754, 187.31093406677246, 137.1288299560547, 46.12255096435547, 112.79463768005371, 133.41498374938965, 43.61677169799805, 189.73064422607422, 34.03043746948242, 116.35422706604004, 119.12250518798828, 35.10618209838867, 118.93320083618164, 41.001319885253906, 30.201435089111328, 165.50922393798828, 43.126821517944336, 121.82736396789551, 25.124073028564453, 140.35344123840332, 122.06864356994629, 25.45762062072754, 30.497074127197266, 189.6650791168213, 38.10882568359375, 116.32132530212402, 34.15703773498535, 119.81034278869629, 197.79515266418457, 26.46493911743164, 23.670196533203125, 123.3675479888916, 122.11966514587402, 24.899959564208984, 44.74306106567383, 120.24664878845215, 53.68161201477051, 201.2960910797119, 41.791439056396484, 108.23559761047363, 114.35508728027344, 35.06755828857422, 25.10237693786621, 134.52696800231934, 188.9963150024414, 47.730207443237305, 47.54519462585449, 