{"start": 1546928687.1222043, "timings": [242.47169494628906, 240.98992347717285, 178.99227142333984, 174.41034317016602, 137.4807357788086, 218.10317039489746, 111.06467247009277, 195.12176513671875, 145.81036567687988, 230.00025749206543, 167.90533065795898, 178.56383323669434, 217.84472465515137, 130.69581985473633, 193.96710395812988, 144.7603702545166, 201.62534713745117, 175.52566528320312, 134.86671447753906, 142.91906356811523, 219.39921379089355, 154.24394607543945, 175.90641975402832, 236.01841926574707, 153.5937786102295, 133.86774063110352, 145.98894119262695, 236.0842227935791, 162.05835342407227, 129.61316108703613, 164.76011276245117, 205.979585647583, 153.5816192626953, 161.97752952575684, 148.6063003540039, 233.98518562316895, 165.2352809906006, 150.2077579498291, 150.39587020874023, 242.966890335083, 147.60613441467285, 158.41245651245117, 234.13729667663574, 100.49223899841309, 158.9066982269287, 160.06135940551758, 248.3077049255371, 140.6574249267578, 139.9531364440918, 186.8612766265869, 190.1090145111084, 160.9647274017334, 139.41621780395508, 155.8523178100586, 247.69973754882812, 129.78410720825195, 146.64006233215332, 146.64220809936523, 221.81010246276855, 139.85943794250488, 137.30764389038086, 228.7161350250244, 150.71749687194824, 157.03296661376953, 149.7786045074463, 239.6261692047119, 151.08728408813477, 122.4067211151123, 175.50015449523926, 228.43337059020996, 164.5982265472412, 135.6663703918457, 161.5147590637207, 241.69468879699707, 127.21776962280273, 148.26250076293945, 151.6728401184082, 214.97726440429688, 152.77886390686035, 165.30704498291016, 242.69914627075195, 130.46646118164062, 124.36866760253906, 166.9931411743164, 225.19397735595703, 140.51151275634766, 162.55593299865723, 162.3399257659912, 225.8143424987793, 151.7624855041504, 152.44388580322266, 126.40666961669922, 246.1404800415039, 145.03121376037598, 137.0398998260498, 218.92690658569336, 169.78955268859863, 151.07464790344238, 150.97928047180176, 235.7497215270996, 159.5168113708496, 171.92554473876953, 187.0265007019043, 222.84770011901855, 164.8879051208496, 147.53985404968262, 146.02208137512207, 232.40423202514648, 145.57337760925293, 143.41974258422852, 228.35803031921387, 152.49204635620117, 150.33483505249023, 170.65024375915527, 201.54953002929688, 147.63903617858887, 159.02376174926758, 120.30625343322754, 245.6669807434082, 184.9367618560791, 132.63487815856934, 150.254487991333, 217.74983406066895, 150.30694007873535, 158.85424613952637, 243.71886253356934, 165.4675006866455, 124.91846084594727, 164.2446517944336, 249.94373321533203, 150.90346336364746, 173.80332946777344, 142.20476150512695, 216.97616577148438, 172.52635955810547, 115.43416976928711, 172.38235473632812, 203.60302925109863, 161.43107414245605, 152.5425910949707, 176.802396774292, 201.30157470703125, 158.84113311767578, 158.74075889587402, 211.4279270172119, 148.82230758666992, 159.01899337768555, 147.97186851501465, 216.09973907470703, 156.40497207641602, 184.21339988708496, 131.24632835388184, 195.30105590820312, 147.52483367919922, 152.573823928833, 159.58142280578613, 212.58234977722168, 198.15397262573242, 132.23814964294434, 246.28257751464844, 108.96015167236328, 175.74644088745117, 173.50530624389648, 211.44914627075195, 152.0092487335205, 137.0248794555664, 152.7867317199707, 244.31300163269043, 139.86706733703613, 130.0637722015381, 147.51887321472168, 220.11995315551758, 150.1138210296631, 200.17671585083008, 203.91201972961426, 138.8266086578369, 149.48558807373047, 180.2835464477539, 225.25358200073242, 126.37567520141602, 144.72603797912598, 165.8792495727539, 219.73943710327148, 165.21859169006348, 139.18805122375488, 136.38544082641602, 207.52763748168945, 159.13915634155273, 158.89859199523926, 207.02528953552246, 219.00033950805664, 148.3018398284912, 122.2693920135498, 239.84980583190918, 158.56170654296875, 181.8859577178955, 105.3171157836914, 235.6736660003662, 188.5998249053955, 126.8620491027832, 147.53127098083496, 245.98288536071777, 119.03190612792969, 176.54824256896973, 129.1639804840088, 222.60022163391113, 165.57574272155762, 184.84783172607422, 209.1391086578369, 163.3739471435547, 118.3936595916748, 164.86024856567383, 226.44376754760742, 130.30266761779785, 151.28302574157715, 174.24392700195312, 198.84991645812988, 163.2533073425293, 130.04040718078613, 170.9573268890381, 251.94478034973145, 179.97217178344727, 123.36134910583496, 261.704683303833, 149.00875091552734, 160.20464897155762, 166.78667068481445, 152.72092819213867, 211.09962463378906, 150.1147747039795, 166.98408126831055, 235.97979545593262, 162.6589298248291, 147.26805686950684, 147.2647190093994, 232.73801803588867, 156.37612342834473, 146.67391777038574, 189.92209434509277, 228.77883911132812, 139.82677459716797, 161.47732734680176, 149.06048774719238, 211.85302734375, 187.03222274780273, 185.17661094665527, 110.43643951416016, 236.2060546875, 193.31622123718262, 158.92744064331055, 225.65507888793945, 128.68547439575195, 186.45453453063965, 125.81253051757812, 232.48529434204102, 146.26741409301758, 127.42114067077637, 161.484956741333, 265.5491828918457, 113.69967460632324, 179.5196533203125, 148.28252792358398, 236.98163032531738, 156.33320808410645, 123.48437309265137, 152.56476402282715, 227.95343399047852, 150.51007270812988, 159.59477424621582, 224.95007514953613, 139.2359733581543, 189.24188613891602, 108.49428176879883, 249.98998641967773, 133.7437629699707, 168.13421249389648, 150.04301071166992, 209.14649963378906, 153.92565727233887, 162.66775131225586, 243.12806129455566, 137.17937469482422, 133.37373733520508, 156.63433074951172, 231.11319541931152, 149.31631088256836, 146.96431159973145, 146.50583267211914, 248.28076362609863, 130.1283836364746, 177.3357391357422, 131.84833526611328, 260.345458984375, 124.30787086486816, 161.37266159057617, 157.30690956115723, 239.884614944458, 131.6218376159668, 158.56003761291504, 154.7091007232666, 277.1878242492676, 123.72112274169922, 149.26719665527344, 239.78638648986816, 149.19185638427734, 125.48565864562988, 156.77666664123535, 246.4759349822998, 144.51169967651367, 178.67231369018555, 148.70667457580566, 205.77406883239746, 153.9022922515869, 165.8935546875, 156.71086311340332, 224.78532791137695, 162.2331142425537, 135.9567642211914, 238.98553848266602, 146.0425853729248, 176.95283889770508, 124.09663200378418, 240.89646339416504, 156.0530662536621, 169.19684410095215, 171.65350914001465, 199.9838352203369, 153.30171585083008, 166.16511344909668, 144.54412460327148, 259.69839096069336, 130.73134422302246, 168.5655117034912, 137.79878616333008, 232.23137855529785, 136.60883903503418, 170.3195571899414, 205.01303672790527, 160.54821014404297, 149.24049377441406, 145.99323272705078, 226.51290893554688, 178.67803573608398, 136.8556022644043, 171.10490798950195, 195.1758861541748, 140.6846046447754, 150.09641647338867, 146.0397243499756, 265.5808925628662, 117.83146858215332, 163.5608673095703, 102.00881958007812, 249.04108047485352, 166.2592887878418, 142.28487014770508, 199.43833351135254, 168.9600944519043, 152.61435508728027, 155.66754341125488, 222.66221046447754, 184.95440483093262, 130.0051212310791, 142.3172950744629, 272.8564739227295, 126.81984901428223, 130.58876991271973, 257.4460506439209, 175.91142654418945, 138.37766647338867, 156.0375690460205, 252.23445892333984, 147.50313758850098, 159.17325019836426, 137.0837688446045, 227.68664360046387, 158.8900089263916, 157.92298316955566, 249.12738800048828, 121.27423286437988, 182.74378776550293, 136.1258029937744, 252.75421142578125, 122.11084365844727, 167.89507865905762, 138.69404792785645, 264.2509937286377, 143.97072792053223, 151.11684799194336, 128.2632350921631, 221.56453132629395, 162.06693649291992, 145.14398574829102, 190.80710411071777, 226.7434597015381, 125.47779083251953, 145.6735134124756, 168.4091091156006, 252.37035751342773, 148.95987510681152, 131.94704055786133, 247.02739715576172, 148.79989624023438, 144.53697204589844, 