{"start": 1546289674.643039, "timings": [0.6666183471679688, 5.1822662353515625, 5.033016204833984, 3.7801265716552734, 4.128217697143555, 2.433300018310547, 2.728700637817383, 4.254579544067383, 2.795696258544922, 3.2296180725097656, 3.325939178466797, 7.688045501708984, 7.620096206665039, 5.872249603271484, 7.800102233886719, 5.302906036376953, 4.4002532958984375, 5.158185958862305, 4.692316055297852, 7.810354232788086, 4.294872283935547, 7.21430778503418, 3.9587020874023438, 6.399393081665039, 7.894754409790039, 5.340099334716797, 4.002809524536133, 6.3037872314453125, 6.393671035766602, 3.933429718017578, 4.950284957885742, 5.420923233032227, 3.920316696166992, 5.1822662353515625, 5.254268646240234, 5.267858505249023, 3.945589065551758, 6.538629531860352, 7.232189178466797, 5.624294281005859, 4.4002532958984375, 4.17017936706543, 6.468296051025391, 5.250453948974609, 5.712985992431641, 5.21397590637207, 4.808902740478516, 4.486560821533203, 4.761457443237305, 8.07046890258789, 6.022930145263672, 4.186391830444336, 4.741907119750977, 7.102489471435547, 4.218578338623047, 5.214929580688477, 4.393339157104492, 6.763219833374023, 5.964517593383789, 4.140615463256836, 6.369352340698242, 3.947734832763672, 5.520105361938477, 5.205631256103516, 6.559133529663086, 3.609180450439453, 4.716157913208008, 5.122184753417969, 5.415439605712891, 6.386041641235352, 3.5982131958007812, 6.6471099853515625, 5.272865295410156, 5.780458450317383, 6.018877029418945, 6.457328796386719, 4.397392272949219, 5.136251449584961, 6.1855316162109375, 4.043817520141602, 3.806591033935547, 6.339788436889648, 6.152868270874023, 4.297494888305664, 6.386995315551758, 3.544330596923828, 5.729198455810547, 5.127191543579102, 5.815029144287109, 4.288673400878906, 6.705045700073242, 4.297733306884766, 5.076169967651367, 6.214618682861328, 4.616975784301758, 5.386590957641602, 4.340410232543945, 5.76329231262207, 5.584955215454102, 5.887269973754883, 4.1065216064453125, 8.428573608398438, 10.389566421508789, 6.583213806152344, 10.500431060791016, 8.084535598754883, 7.6999664306640625, 7.552862167358398, 7.780313491821289, 9.296655654907227, 8.835315704345703, 8.363485336303711, 5.883216857910156, 9.26828384399414, 7.04193115234375, 7.783412933349609, 5.751848220825195, 9.517192840576172, 4.702329635620117, 8.480548858642578, 9.072065353393555, 6.890296936035156, 3.9091110229492188, 9.872674942016602, 10.789871215820312, 7.176876068115234, 9.073972702026367, 8.981466293334961, 8.784294128417969, 7.238626480102539, 8.111953735351562, 7.8487396240234375, 7.695674896240234, 7.151603698730469, 8.840084075927734, 6.897687911987305, 7.172584533691406, 7.854461669921875, 7.900476455688477, 7.921934127807617, 6.005525588989258, 8.749246597290039, 6.810188293457031, 9.413480758666992, 6.839275360107422, 8.066892623901367, 9.130477905273438, 13.014793395996094, 7.837533950805664, 7.817745208740234, 8.009195327758789, 6.328105926513672, 10.098934173583984, 7.945060729980469, 7.110357284545898, 8.844614028930664, 8.919000625610352, 7.070302963256836, 8.498668670654297, 7.589817047119141, 6.023883819580078, 8.332967758178711, 7.426738739013672, 7.799625396728516, 7.452726364135742, 9.309768676757812, 8.80885124206543, 7.884502410888672, 9.840250015258789, 10.695695877075195, 7.4710845947265625, 9.255409240722656, 8.641242980957031, 8.661508560180664, 9.313821792602539, 8.922338485717773, 9.945154190063477, 9.427309036254883, 6.142377853393555, 8.999109268188477, 7.663965225219727, 10.684728622436523, 6.129264831542969, 5.402326583862305, 10.427236557006836, 6.788730621337891, 9.110450744628906, 6.366729736328125, 6.83903694152832, 7.321834564208984, 8.747339248657227, 9.891748428344727, 8.65626335144043, 8.970975875854492, 11.055469512939453, 6.693363189697266, 6.981372833251953, 9.279727935791016, 6.984472274780273, 7.637262344360352, 8.950471878051758, 5.631685256958008, 8.616447448730469, 8.153676986694336, 7.785320281982422, 7.907629013061523, 6.687164306640625, 8.088350296020508, 10.003089904785156, 8.318662643432617, 7.722616195678711, 8.143186569213867, 8.407115936279297, 9.494543075561523, 8.82101058959961, 8.01706314086914, 8.692741394042969, 9.857416152954102, 4.994392395019531, 8.512258529663086, 6.703615188598633, 9.492874145507812, 5.856513977050781, 6.88624382019043, 9.20414924621582, 9.548425674438477, 7.210016250610352, 8.87608528137207, 8.259773254394531, 8.517980575561523, 9.282112121582031, 8.485078811645508, 6.71076774597168, 7.629871368408203, 11.640787124633789, 8.1634521484375, 10.97416877746582, 8.84699821472168, 4.313945770263672, 12.507200241088867, 4.451990127563477, 11.370182037353516, 9.449481964111328, 5.05375862121582, 10.68568229675293, 5.623340606689453, 10.211706161499023, 7.163524627685547, 7.306575775146484, 7.8334808349609375, 9.904146194458008, 7.2193145751953125, 7.93147087097168, 7.554054260253906, 7.051706314086914, 9.214162826538086, 8.986711502075195, 7.408380508422852, 11.159658432006836, 8.453845977783203, 8.41522216796875, 10.309219360351562, 5.944967269897461, 7.103443145751953, 8.036613464355469, 11.2457275390625, 10.476827621459961, 7.626533508300781, 8.090972900390625, 10.276556015014648, 6.676435470581055, 10.195732116699219, 9.079933166503906, 7.607936859130859, 6.604194641113281, 8.669137954711914, 7.950782775878906, 10.197877883911133, 6.502866744995117, 9.026527404785156, 10.62154769897461, 6.118297576904297, 9.668588638305664, 8.292675018310547, 9.018182754516602, 9.708642959594727, 8.380651473999023, 9.62376594543457, 6.679773330688477, 7.929563522338867, 7.199287414550781, 7.991790771484375, 7.959842681884766, 9.415388107299805, 6.593465805053711, 8.054018020629883, 9.82809066772461, 7.833242416381836, 5.320549011230469, 8.599996566772461, 9.230613708496094, 12.17031478881836, 9.15217399597168, 4.927396774291992, 8.168458938598633, 8.59379768371582, 8.862972259521484, 8.00633430480957, 7.923126220703125, 8.802413940429688, 12.19797134399414, 7.110357284545898, 10.593652725219727, 9.140491485595703, 8.321046829223633, 7.473230361938477, 10.55598258972168, 6.582975387573242, 9.04989242553711, 9.085416793823242, 10.02645492553711, 6.239175796508789, 10.646343231201172, 8.805513381958008, 7.655143737792969, 8.975028991699219, 7.76219367980957, 9.712934494018555, 7.735967636108398, 5.45048713684082, 8.710861206054688, 8.08262825012207, 7.862329483032227, 10.349750518798828, 6.52003288269043, 7.987022399902344, 9.029150009155273, 8.481264114379883, 10.17618179321289, 7.321596145629883, 7.0209503173828125, 10.206937789916992, 5.994558334350586, 9.75489616394043, 9.363651275634766, 9.117841720581055, 8.83340835571289, 8.785486221313477, 7.853269577026367, 10.196924209594727, 7.313251495361328, 9.471893310546875, 8.212089538574219, 8.574247360229492, 7.428407669067383, 3.8089752197265625, 9.554386138916016, 8.134603500366211, 9.076118469238281, 7.118463516235352, 8.346319198608398, 8.53419303894043, 8.510351181030273, 8.545875549316406, 9.025096893310547, 8.824825286865234, 8.225679397583008, 8.190393447875977, 10.472774505615234, 8.464813232421875, 8.273839950561523, 8.577346801757812, 8.800268173217773, 8.53419303894043, 9.003162384033203, 7.46464729309082, 7.508039474487305, 9.495019912719727, 8.791208267211914, 8.695602416992188, 9.684085845947266, 8.13913345336914, 8.519411087036133, 7.303476333618164, 8.389711380004883, 8.39853286743164, 8.799076080322266, 8.954286575317383, 9.510040283203125, 12.811660766601562, 9.784698486328125, 9.490251541137695, 11.484384536743164, 6.10041618347168, 12.01486587524414, 9.577512741088867, 9.818077087402344, 10.735750198364258, 7.945775985717773, 8.027791976928711, 8.405923843383789, 8.487224578857422, 9.4757080078125, 7.221460342407227, 8.677959442138672, 8.058547973632812, 8.006811141967773, 9.969711303710938, 6.707429885864258, 8.513212203979492, 9.44828987121582, 9.453773498535156, 10.773420333862305, 8.53109359741211, 9.244680404663086, 8.743047714233398, 8.359193801879883, 6.68644905090332, 