{"start": 1546928668.9558287, "timings": [51.37825012207031, 74.30553436279297, 5.042076110839844, 3.796100616455078, 22.912025451660156, 145.94650268554688, 258.99648666381836, 17.984628677368164, 17.242908477783203, 22.536277770996094, 17.39192008972168, 17.352581024169922, 17.006874084472656, 17.206430435180664, 17.522811889648438, 17.07601547241211, 17.529726028442383, 17.43769645690918, 19.55866813659668, 18.355607986450195, 18.031597137451172, 17.149925231933594, 24.25098419189453, 17.446041107177734, 16.934871673583984, 16.573190689086914, 18.48459243774414, 18.184661865234375, 18.793106079101562, 29.123306274414062, 18.25737953186035, 20.5230712890625, 17.222166061401367, 18.3103084564209, 17.520904541015625, 17.139673233032227, 17.29440689086914, 16.737937927246094, 17.246723175048828, 23.621082305908203, 17.128467559814453, 16.98780059814453, 16.982078552246094, 17.174720764160156, 16.985654830932617, 17.427444458007812, 23.807287216186523, 16.881942749023438, 18.059968948364258, 18.407821655273438, 20.428180694580078, 16.94655418395996, 17.105579376220703, 16.559362411499023, 16.93582534790039, 18.16391944885254, 22.068023681640625, 17.379283905029297, 17.137765884399414, 16.83640480041504, 17.14181900024414, 18.885374069213867, 20.117521286010742, 23.30923080444336, 17.03500747680664, 16.956329345703125, 16.741514205932617, 17.116308212280273, 17.004966735839844, 17.17352867126465, 19.114017486572266, 17.3184871673584, 16.46280288696289, 16.81041717529297, 16.852140426635742, 16.601085662841797, 16.521930694580078, 17.586708068847656, 17.11869239807129, 16.910552978515625, 17.232418060302734, 19.785642623901367, 17.499446868896484, 17.70949363708496, 19.123554229736328, 26.680707931518555, 17.13085174560547, 16.903400421142578, 17.3037052154541, 17.241954803466797, 21.05879783630371, 17.401933670043945, 17.35663414001465, 21.169185638427734, 19.76919174194336, 17.162561416625977, 16.75558090209961, 16.559839248657227, 16.091108322143555, 16.593456268310547, 16.559600830078125, 17.58742332458496, 17.50779151916504, 24.596452713012695, 16.353607177734375, 16.632556915283203, 15.960454940795898, 17.93384552001953, 16.523122787475586, 17.310380935668945, 16.119956970214844, 16.32237434387207, 16.30091667175293, 16.225814819335938, 16.449451446533203, 16.376733779907227, 16.171693801879883, 16.365766525268555, 16.683340072631836, 16.28708839416504, 16.08419418334961, 16.116857528686523, 17.139196395874023, 16.280651092529297, 16.628742218017578, 16.507863998413086, 16.627788543701172, 17.01045036315918, 17.43292808532715, 20.596742630004883, 18.289566040039062, 16.915321350097656, 15.963315963745117, 16.318798065185547, 16.526460647583008, 16.551494598388672, 16.64280891418457, 17.347335815429688, 17.110347747802734, 17.059326171875, 17.40121841430664, 17.04859733581543, 16.483545303344727, 16.361474990844727, 16.294002532958984, 16.517162322998047, 16.961097717285156, 17.372846603393555, 16.327857971191406, 17.717361450195312, 16.240835189819336, 17.110347747802734, 16.817808151245117, 16.38197898864746, 16.364574432373047, 20.450830459594727, 16.069650650024414, 21.498441696166992, 16.31331443786621, 17.609596252441406, 18.286943435668945, 17.115354537963867, 16.84260368347168, 17.5323486328125, 17.029762268066406, 17.052173614501953, 28.159618377685547, 19.11616325378418, 16.47472381591797, 17.145156860351562, 17.143964767456055, 16.961097717285156, 16.271591186523438, 17.368316650390625, 16.20173454284668, 17.93050765991211, 16.407012939453125, 16.515016555786133, 16.069650650024414, 16.907930374145508, 16.582250595092773, 16.280412673950195, 16.72983169555664, 16.714811325073242, 18.256425857543945, 18.411874771118164, 17.590761184692383, 16.495466232299805, 17.05336570739746, 17.551422119140625, 16.631364822387695, 17.068862915039062, 16.982078552246094, 16.24274253845215, 18.090486526489258, 16.347885131835938, 16.632795333862305, 16.308307647705078, 16.112327575683594, 16.237974166870117, 23.636341094970703, 16.487598419189453, 16.066312789916992, 16.690731048583984, 16.322851181030273, 16.53432846069336, 22.45616912841797, 18.206357955932617, 23.748159408569336, 24.17778968811035, 22.519826889038086, 17.809152603149414, 19.95062828063965, 21.843910217285156, 22.675752639770508, 24.191617965698242, 20.763397216796875, 16.471147537231445, 16.759634017944336, 16.370773315429688, 16.14856719970703, 16.973495483398438, 29.468536376953125, 17.5325870513916, 16.96014404296875, 16.406774520874023, 19.9432373046875, 16.44134521484375, 21.411657333374023, 16.84713363647461, 16.857624053955078, 16.655683517456055, 16.475200653076172, 24.133920669555664, 19.362688064575195, 17.18759536743164, 17.090797424316406, 16.761302947998047, 16.17908477783203, 16.143321990966797, 16.39080047607422, 17.14324951171875, 16.99542999267578, 16.28851890563965, 16.36648178100586, 17.00878143310547, 19.049882888793945, 18.112659454345703, 20.34783363342285, 19.90342140197754, 15.916824340820312, 16.186952590942383, 16.213655471801758, 18.480539321899414, 16.754627227783203, 16.778230667114258, 28.676509857177734, 17.21811294555664, 16.2656307220459, 16.40772819519043, 28.891801834106445, 16.408443450927734, 16.782045364379883, 16.720056533813477, 16.849517822265625, 17.336368560791016, 16.83950424194336, 16.78156852722168, 16.602516174316406, 16.18218421936035, 16.618728637695312, 16.597270965576172, 16.95108413696289, 16.984939575195312, 16.78609848022461, 16.90363883972168, 17.217159271240234, 18.668651580810547, 16.370773315429688, 18.0966854095459, 18.537282943725586, 19.528865814208984, 16.846418380737305, 19.90985870361328, 18.999576568603516, 16.133785247802734, 16.117572784423828, 16.267061233520508, 16.9525146484375, 16.715049743652344, 16.832351684570312, 16.490697860717773, 16.018152236938477, 16.74032211303711, 17.243623733520508, 16.806364059448242, 16.774415969848633, 16.628026962280273, 17.005443572998047, 16.263484954833984, 16.21389389038086, 16.192197799682617, 16.072511672973633, 16.330480575561523, 16.598224639892578, 16.756296157836914, 16.2203311920166, 16.97850227355957, 16.737699508666992, 16.380786895751953, 16.312122344970703, 16.598939895629883, 18.125295639038086, 25.7260799407959, 18.284320831298828, 18.29671859741211, 16.55745506286621, 16.88528060913086, 16.211509704589844, 16.663551330566406, 16.09635353088379, 16.9217586517334, 16.428709030151367, 16.46876335144043, 16.642332077026367, 17.280101776123047, 16.431093215942383, 16.298294067382812, 17.016172409057617, 17.068862915039062, 16.992807388305664, 16.514062881469727, 16.279220581054688, 17.232656478881836, 16.805648803710938, 17.055034637451172, 21.69942855834961, 18.117189407348633, 17.8372859954834, 19.733190536499023, 20.97177505493164, 16.8302059173584, 16.27969741821289, 16.199588775634766, 28.957128524780273, 17.22574234008789, 16.86835289001465, 25.802135467529297, 17.28343963623047, 19.073486328125, 20.706653594970703, 21.909236907958984, 17.428159713745117, 16.997337341308594, 16.71743392944336, 17.220497131347656, 18.353939056396484, 19.43802833557129, 16.019344329833984, 16.257286071777344, 16.019105911254883, 16.644001007080078, 16.406536102294922, 16.48402214050293, 16.362905502319336, 16.748666763305664, 16.4792537689209, 16.738176345825195, 16.559123992919922, 16.201496124267578, 16.02649688720703, 16.124248504638672, 16.003131866455078, 16.257762908935547, 15.968561172485352, 17.141103744506836, 15.940666198730469, 16.466617584228516, 20.91240882873535, 16.226530075073242, 18.50748062133789, 16.742706298828125, 16.55125617980957, 16.43228530883789, 16.409635543823242, 17.62866973876953, 16.656160354614258, 17.374753952026367, 16.676664352416992, 16.713857650756836, 17.2421932220459, 17.862796783447266, 16.90506935119629, 19.0122127532959, 16.545534133911133, 16.343355178833008, 16.68548583984375, 24.26934242248535, 19.324064254760742, 24.744272232055664, 16.740083694458008, 17.04883575439453, 16.55745506286621, 16.843795776367188, 16.160011291503906, 