{"start": 1546155033.6394277, "timings": [13.763666152954102, 45.88675498962402, 13.463258743286133, 34.95430946350098, 29.884815216064453, 56.14185333251953, 30.7614803314209, 26.607751846313477, 14.901399612426758, 43.062686920166016, 37.49680519104004, 22.732973098754883, 43.91026496887207, 27.33922004699707, 25.53081512451172, 29.208898544311523, 51.94878578186035, 30.06887435913086, 30.8077335357666, 30.33161163330078, 49.6058464050293, 33.4627628326416, 30.230283737182617, 30.5330753326416, 37.18447685241699, 33.74791145324707, 13.718366622924805, 33.09273719787598, 45.23968696594238, 15.80667495727539, 27.913808822631836, 57.798147201538086, 26.766538619995117, 26.043176651000977, 23.959636688232422, 42.420387268066406, 25.533437728881836, 29.11233901977539, 30.219316482543945, 47.78409004211426, 22.530317306518555, 21.098852157592773, 31.157970428466797, 38.26308250427246, 35.72726249694824, 24.369001388549805, 14.631986618041992, 52.978515625, 30.187129974365234, 29.67214584350586, 52.53005027770996, 18.990039825439453, 37.404537200927734, 25.295019149780273, 13.51022720336914, 57.74092674255371, 14.620304107666016, 36.247968673706055, 46.82564735412598, 15.083074569702148, 43.410539627075195, 29.893875122070312, 52.56247520446777, 26.944637298583984, 24.82318878173828, 26.502132415771484, 33.39385986328125, 26.265621185302734, 23.6666202545166, 23.883342742919922, 57.9683780670166, 25.490522384643555, 27.009963989257812, 13.577938079833984, 58.12501907348633, 21.666288375854492, 37.248849868774414, 62.32309341430664, 13.633012771606445, 37.488698959350586, 23.286104202270508, 46.601295471191406, 14.923334121704102, 33.04100036621094, 21.57878875732422, 39.8404598236084, 36.263465881347656, 25.252342224121094, 44.129371643066406, 26.521682739257812, 18.631696701049805, 29.30593490600586, 43.121337890625, 20.40386199951172, 24.333477020263672, 35.448312759399414, 45.28975486755371, 27.580738067626953, 16.908645629882812, 24.670124053955078, 54.67844009399414, 23.135662078857422, 14.426231384277344, 52.080392837524414, 26.13353729248047, 26.5200138092041, 11.928081512451172, 55.54485321044922, 22.588729858398438, 24.471759796142578, 28.77664566040039, 43.90215873718262, 24.660110473632812, 25.61664581298828, 26.422977447509766, 46.72527313232422, 14.939308166503906, 32.77325630187988, 24.430513381958008, 43.01047325134277, 25.00319480895996, 25.883197784423828, 44.14772987365723, 29.943466186523438, 25.75516700744629, 27.025222778320312, 13.696908950805664, 56.417226791381836, 12.596368789672852, 31.903743743896484, 39.261579513549805, 39.534568786621094, 20.05457878112793, 39.41988945007324, 52.9789924621582, 25.71868896484375, 26.80826187133789, 46.26822471618652, 17.70806312561035, 20.601987838745117, 25.178909301757812, 53.998708724975586, 25.945186614990234, 31.10980987548828, 13.802766799926758, 66.07580184936523, 13.899564743041992, 43.00045967102051, 28.79190444946289, 47.692298889160156, 26.664018630981445, 27.08125114440918, 22.856950759887695, 35.68887710571289, 23.302078247070312, 43.63250732421875, 17.766475677490234, 54.537057876586914, 12.94565200805664, 24.242877960205078, 58.641910552978516, 24.130582809448242, 43.87474060058594, 30.62891960144043, 60.43696403503418, 37.94240951538086, 15.110969543457031, 42.57321357727051, 56.59818649291992, 28.01799774169922, 30.305147171020508, 20.587921142578125, 54.43596839904785, 12.954473495483398, 26.313066482543945, 24.55735206604004, 37.76979446411133, 19.478797912597656, 35.07351875305176, 17.759323120117188, 63.75479698181152, 41.419029235839844, 30.205965042114258, 52.74701118469238, 35.88223457336426, 28.772830963134766, 27.596235275268555, 15.933036804199219, 66.91622734069824, 13.625860214233398, 38.25187683105469, 32.875776290893555, 35.80355644226074, 29.392004013061523, 15.948772430419922, 66.80607795715332, 30.391931533813477, 32.62972831726074, 49.916744232177734, 30.44915199279785, 27.553796768188477, 20.00904083251953, 47.29485511779785, 41.42594337463379, 39.97182846069336, 30.304431915283203, 47.751665115356445, 27.79531478881836, 31.687498092651367, 23.719072341918945, 49.509525299072266, 35.01462936401367, 12.866735458374023, 32.948970794677734, 48.38299751281738, 32.67717361450195, 23.50902557373047, 18.459320068359375, 46.61726951599121, 34.02972221374512, 32.489776611328125, 52.70791053771973, 31.67128562927246, 30.497074127197266, 29.255390167236328, 50.03523826599121, 30.2274227142334, 32.01436996459961, 25.94470977783203, 45.99738121032715, 27.716636657714844, 25.346755981445312, 47.566890716552734, 15.037775039672852, 37.59288787841797, 27.335643768310547, 45.56417465209961, 17.241239547729492, 34.37614440917969, 14.54782485961914, 45.40681838989258, 34.77072715759277, 25.21824836730957, 17.20881462097168, 53.319692611694336, 25.110960006713867, 26.893138885498047, 23.340940475463867, 44.5706844329834, 25.157928466796875, 36.995649337768555, 16.983509063720703, 55.27138710021973, 27.358055114746094, 15.266895294189453, 49.42464828491211, 20.087480545043945, 36.529541015625, 28.701305389404297, 33.16140174865723, 36.83876991271973, 25.76923370361328, 14.458417892456055, 66.91980361938477, 21.929502487182617, 31.355857849121094, 54.07381057739258, 14.330625534057617, 46.86403274536133, 28.095722198486328, 45.41420936584473, 24.708986282348633, 14.219045639038086, 23.23174476623535, 53.85136604309082, 25.221586227416992, 25.643348693847656, 25.916337966918945, 43.63059997558594, 25.267839431762695, 23.68617057800293, 24.7800350189209, 45.105934143066406, 29.721736907958984, 29.20222282409668, 22.448301315307617, 41.92209243774414, 40.08793830871582, 27.597427368164062, 14.808177947998047, 54.849863052368164, 24.721384048461914, 25.22897720336914, 33.95819664001465, 36.79060935974121, 14.825105667114258, 23.435115814208984, 42.92178153991699, 35.14885902404785, 20.56884765625, 47.43671417236328, 17.99917221069336, 35.55870056152344, 14.572620391845703, 23.314952850341797, 60.339927673339844, 13.520002365112305, 25.838375091552734, 54.14533615112305, 23.015260696411133, 29.930591583251953, 17.87424087524414, 55.530548095703125, 17.454862594604492, 30.507326126098633, 14.559507369995117, 58.65025520324707, 29.813766479492188, 19.888639450073242, 30.45344352722168, 59.75008010864258, 18.277645111083984, 37.2776985168457, 37.27984428405762, 36.145925521850586, 19.623279571533203, 30.50541877746582, 56.87212944030762, 15.688896179199219, 37.68634796142578, 13.332128524780273, 56.35571479797363, 15.932083129882812, 35.45427322387695, 44.79551315307617, 27.45985984802246, 26.60822868347168, 27.494430541992188, 15.719890594482422, 52.988290786743164, 25.681018829345703, 26.980161666870117, 45.47476768493652, 25.52342414855957, 18.24021339416504, 26.499509811401367, 39.06607627868652, 24.775981903076172, 24.484634399414062, 33.87284278869629, 34.75689888000488, 34.61265563964844, 25.676727294921875, 45.82858085632324, 15.340328216552734, 23.44059944152832, 24.532556533813477, 27.823686599731445, 61.73992156982422, 29.501676559448242, 24.40023422241211, 47.280073165893555, 28.5036563873291, 22.75371551513672, 25.438547134399414, 44.98147964477539, 26.210784912109375, 15.522241592407227, 24.473905563354492, 47.60599136352539, 33.35380554199219, 35.5985164642334, 18.31984519958496, 56.72931671142578, 30.882596969604492, 26.1993408203125, 49.584150314331055, 24.779081344604492, 25.279998779296875, 28.473377227783203, 36.55099868774414, 43.650150299072266, 30.61366081237793, 15.436410903930664, 62.981605529785156, 30.98607063293457, 18.34869384765625, 28.580427169799805, 60.248374938964844, 26.996374130249023, 28.583049774169922, 19.504547119140625, 61.43331527709961, 28.755664825439453, 30.922889709472656, 52.22797393798828, 17.58575439453125, 27.819156646728516, 26.5195369720459, 54.04162406921387, 25.686264038085938, 13.549089431762695, 35.31813621520996, 44.86727714538574, 26.901721954345703, 32.65261650085449, 42.57822036743164, 33.03074836730957, 14.585733413696289, 