{"start": 1546155033.6258795, "timings": [0.3714561462402344, 0.41222572326660156, 1.1475086212158203, 11.955738067626953, 4.234075546264648, 0.3845691680908203, 0.2982616424560547, 19.341468811035156, 3.3583641052246094, 29.906034469604492, 9.212493896484375, 21.596431732177734, 17.413854598999023, 12.52436637878418, 26.349782943725586, 46.971797943115234, 12.14909553527832, 19.023656845092773, 9.189128875732422, 16.93868637084961, 9.000778198242188, 18.320560455322266, 26.776552200317383, 18.447399139404297, 6.53529167175293, 11.465787887573242, 5.488395690917969, 16.63804054260254, 14.058589935302734, 12.300491333007812, 36.321163177490234, 14.548063278198242, 10.784387588500977, 11.566400527954102, 11.617660522460938, 21.114349365234375, 10.34235954284668, 39.5350456237793, 10.887622833251953, 8.120059967041016, 12.748956680297852, 13.379812240600586, 16.754627227783203, 13.584136962890625, 6.531476974487305, 19.1190242767334, 4.14586067199707, 36.5145206451416, 9.23609733581543, 5.309343338012695, 18.826007843017578, 14.631509780883789, 15.746355056762695, 13.617753982543945, 17.59624481201172, 8.772134780883789, 45.80378532409668, 15.467405319213867, 13.278484344482422, 18.776655197143555, 15.37632942199707, 27.692079544067383, 13.262033462524414, 4.530906677246094, 10.763883590698242, 25.95996856689453, 5.499839782714844, 15.6707763671875, 7.375001907348633, 35.51816940307617, 8.732318878173828, 14.272212982177734, 13.147115707397461, 17.635345458984375, 23.83708953857422, 41.52536392211914, 11.521339416503906, 14.862537384033203, 9.382009506225586, 16.29638671875, 12.960195541381836, 18.931150436401367, 2.077341079711914, 44.393301010131836, 2.791881561279297, 14.409065246582031, 23.191213607788086, 5.788326263427734, 16.066551208496094, 27.001619338989258, 40.804386138916016, 17.158985137939453, 13.244390487670898, 15.364885330200195, 9.192228317260742, 43.28489303588867, 13.115406036376953, 11.322021484375, 19.71745491027832, 10.237693786621094, 19.524097442626953, 9.546518325805664, 2.8204917907714844, 50.684452056884766, 4.129171371459961, 23.35500717163086, 4.11677360534668, 15.456676483154297, 8.222341537475586, 13.056039810180664, 12.230157852172852, 41.284799575805664, 19.330263137817383, 2.679109573364258, 12.966156005859375, 19.113779067993164, 17.92764663696289, 9.755849838256836, 35.7968807220459, 2.2363662719726562, 14.550447463989258, 23.569107055664062, 18.931865692138672, 9.938955307006836, 19.37723159790039, 9.65428352355957, 23.52285385131836, 20.10965347290039, 9.825944900512695, 17.966032028198242, 8.699178695678711, 13.201713562011719, 13.71908187866211, 15.92564582824707, 30.53593635559082, 23.749113082885742, 22.71270751953125, 24.249553680419922, 40.63916206359863, 22.85289764404297, 8.831024169921875, 16.6318416595459, 9.288549423217773, 18.430233001708984, 12.89820671081543, 41.037559509277344, 17.635583877563477, 14.94288444519043, 30.0140380859375, 27.827978134155273, 7.625818252563477, 40.30632972717285, 13.523340225219727, 20.775318145751953, 17.131805419921875, 23.543119430541992, 28.82099151611328, 17.815828323364258, 7.763862609863281, 23.192882537841797, 13.1378173828125, 15.406131744384766, 9.939908981323242, 33.86187553405762, 20.76411247253418, 20.931243896484375, 9.374141693115234, 16.249418258666992, 9.561538696289062, 35.72344779968262, 8.194923400878906, 17.226457595825195, 8.780717849731445, 24.816513061523438, 14.208793640136719, 13.543128967285156, 41.312456130981445, 2.8727054595947266, 23.690223693847656, 24.678468704223633, 16.874074935913086, 9.30023193359375, 35.73036193847656, 10.527372360229492, 17.142772674560547, 9.531736373901367, 6.238460540771484, 19.981861114501953, 44.01350021362305, 17.435789108276367, 22.598743438720703, 10.89167594909668, 16.272544860839844, 8.5601806640625, 40.607452392578125, 13.186931610107422, 11.924266815185547, 10.975122451782227, 18.719196319580078, 22.449254989624023, 33.174753189086914, 22.32074737548828, 8.796930313110352, 15.438079833984375, 7.5778961181640625, 6.432533264160156, 15.267133712768555, 40.46773910522461, 11.866092681884766, 12.960672378540039, 13.229846954345703, 15.077590942382812, 10.252714157104492, 16.640424728393555, 28.361082077026367, 18.3107852935791, 10.100603103637695, 21.62647247314453, 16.54982566833496, 18.94211769104004, 26.575326919555664, 21.32391929626465, 9.171247482299805, 15.116214752197266, 9.839057922363281, 16.30997657775879, 14.101028442382812, 31.820058822631836, 8.706092834472656, 18.544435501098633, 2.000093460083008, 9.860754013061523, 14.806747436523438, 9.193897247314453, 18.554210662841797, 13.263702392578125, 36.852121353149414, 19.515275955200195, 12.65263557434082, 20.7517147064209, 13.251066207885742, 34.774065017700195, 25.0856876373291, 16.843795776367188, 14.66059684753418, 27.53162384033203, 17.84992218017578, 34.37161445617676, 17.341136932373047, 11.115550994873047, 15.210151672363281, 8.87918472290039, 3.268718719482422, 12.172698974609375, 12.614011764526367, 34.41762924194336, 10.432243347167969, 23.56576919555664, 6.481647491455078, 22.6898193359375, 19.530773162841797, 36.08870506286621, 9.615182876586914, 17.136335372924805, 8.913040161132812, 21.708011627197266, 13.146400451660156, 23.39005470275879, 43.895721435546875, 13.372421264648438, 23.282766342163086, 20.37525177001953, 8.188247680664062, 18.686771392822266, 2.072572708129883, 8.363008499145508, 39.15095329284668, 11.408805847167969, 12.400388717651367, 13.359546661376953, 16.20960235595703, 10.596990585327148, 12.64047622680664, 35.41231155395508, 23.551464080810547, 21.051883697509766, 21.79098129272461, 10.58650016784668, 41.16463661193848, 20.820140838623047, 8.738994598388672, 24.286508560180664, 19.090652465820312, 39.896488189697266, 16.714811325073242, 4.5490264892578125, 29.39438819885254, 21.1942195892334, 10.30874252319336, 20.3092098236084, 13.498067855834961, 3.3845901489257812, 42.696475982666016, 12.716531753540039, 17.17400550842285, 6.011724472045898, 2.776622772216797, 13.230562210083008, 22.9034423828125, 20.62249183654785, 31.25, 3.0553340911865234, 19.620895385742188, 3.7305355072021484, 27.538776397705078, 9.180784225463867, 20.45750617980957, 10.170221328735352, 48.87199401855469, 17.328739166259766, 13.148307800292969, 24.194717407226562, 2.4271011352539062, 23.62823486328125, 29.86001968383789, 22.724151611328125, 22.661209106445312, 17.818927764892578, 11.500835418701172, 43.80965232849121, 24.61528778076172, 8.391618728637695, 4.369497299194336, 21.43383026123047, 7.153034210205078, 15.52724838256836, 16.354799270629883, 9.344100952148438, 43.320655822753906, 14.081716537475586, 20.841598510742188, 10.640621185302734, 18.488168716430664, 10.70094108581543, 16.93248748779297, 10.646820068359375, 52.42013931274414, 15.657186508178711, 4.614830017089844, 11.681318283081055, 18.10622215270996, 16.927480697631836, 5.148410797119141, 27.825593948364258, 24.73139762878418, 16.095638275146484, 10.579347610473633, 18.87226104736328, 12.546300888061523, 40.27605056762695, 2.7666091918945312, 17.713308334350586, 6.251335144042969, 2.6731491088867188, 10.879278182983398, 16.2351131439209, 12.988090515136719, 19.46544647216797, 3.4656524658203125, 43.23148727416992, 6.142377853393555, 9.384870529174805, 3.24249267578125, 18.224477767944336, 7.519721984863281, 5.069255828857422, 15.699148178100586, 8.658409118652344, 28.775930404663086, 43.59793663024902, 8.291959762573242, 17.582178115844727, 14.901161193847656, 26.011943817138672, 9.906291961669922, 20.290851593017578, 10.284185409545898, 38.29550743103027, 10.87045669555664, 16.09063148498535, 15.3350830078125, 17.33088493347168, 17.52758026123047, 18.87679100036621, 29.743671417236328, 21.506071090698242, 17.090320587158203, 15.633821487426758, 23.360013961791992, 10.26296615600586, 35.889387130737305, 11.493921279907227, 11.1236572265625, 18.554210662841797, 12.902021408081055, 22.644519805908203, 4.923105239868164, 42.97327995300293, 2.1207332611083984, 