{"start": 1546289714.0963478, "timings": [15.034675598144531, 29.53171730041504, 76.44128799438477, 20.22385597229004, 27.72068977355957, 22.82857894897461, 74.06139373779297, 35.207271575927734, 19.739151000976562, 85.76226234436035, 27.514934539794922, 18.102169036865234, 48.770904541015625, 78.99713516235352, 27.38046646118164, 25.302648544311523, 31.604766845703125, 74.7835636138916, 17.517566680908203, 37.58096694946289, 24.95861053466797, 69.25296783447266, 38.022756576538086, 35.112619400024414, 74.10073280334473, 28.776168823242188, 26.69048309326172, 28.67412567138672, 74.98431205749512, 26.458024978637695, 24.806737899780273, 27.485370635986328, 71.6397762298584, 26.231765747070312, 30.44867515563965, 14.514923095703125, 95.75152397155762, 35.062313079833984, 19.18959617614746, 33.03050994873047, 82.24081993103027, 28.23042869567871, 14.25933837890625, 38.614511489868164, 82.36074447631836, 32.015085220336914, 33.20932388305664, 80.99246025085449, 31.900882720947266, 34.253835678100586, 35.31837463378906, 74.61905479431152, 39.197683334350586, 31.332969665527344, 26.143550872802734, 89.02239799499512, 19.385099411010742, 31.012535095214844, 33.56647491455078, 89.18619155883789, 26.57318115234375, 21.27861976623535, 36.27824783325195, 67.96669960021973, 39.73579406738281, 26.276588439941406, 79.11872863769531, 14.002323150634766, 37.10579872131348, 14.267206192016602, 75.37269592285156, 36.35597229003906, 26.43299102783203, 26.68595314025879, 76.36523246765137, 26.673316955566406, 17.841815948486328, 43.99538040161133, 66.40410423278809, 29.32143211364746, 36.02933883666992, 83.67323875427246, 31.43310546875, 32.16385841369629, 33.682823181152344, 83.27460289001465, 26.53813362121582, 23.765087127685547, 34.37399864196777, 78.71365547180176, 21.517515182495117, 27.455806732177734, 35.485029220581055, 66.92862510681152, 41.23497009277344, 16.275882720947266, 24.35016632080078, 87.97240257263184, 30.1821231842041, 28.406620025634766, 74.17678833007812, 28.734683990478516, 26.08799934387207, 25.290489196777344, 15.010833740234375, 94.09546852111816, 14.240264892578125, 29.216527938842773, 70.27935981750488, 38.136959075927734, 16.251087188720703, 24.260520935058594, 77.81147956848145, 26.531457901000977, 39.20483589172363, 26.0927677154541, 78.16600799560547, 14.265775680541992, 35.68840026855469, 15.626192092895508, 78.84764671325684, 18.769502639770508, 36.19217872619629, 14.599084854125977, 99.9298095703125, 31.18276596069336, 15.417337417602539, 90.82436561584473, 33.22005271911621, 32.12857246398926, 33.39433670043945, 78.96661758422852, 29.13665771484375, 26.124954223632812, 14.105796813964844, 89.94126319885254, 27.654170989990234, 23.633718490600586, 18.270015716552734, 84.31100845336914, 32.50718116760254, 34.284353256225586, 82.42917060852051, 33.79058837890625, 28.014659881591797, 28.01823616027832, 71.7916488647461, 26.037931442260742, 32.793283462524414, 41.21851921081543, 83.61625671386719, 24.739742279052734, 26.3063907623291, 15.61594009399414, 72.10779190063477, 38.579463958740234, 23.246049880981445, 74.93138313293457, 26.58843994140625, 26.077747344970703, 26.835918426513672, 78.35865020751953, 26.641130447387695, 27.6944637298584, 31.227827072143555, 71.1820125579834, 31.70466423034668, 13.432979583740234, 35.49003601074219, 67.67034530639648, 47.84035682678223, 15.523195266723633, 84.94162559509277, 30.65013885498047, 30.917882919311523, 28.95188331604004, 21.019458770751953, 86.17973327636719, 27.997732162475586, 28.057575225830078, 63.56644630432129, 38.12885284423828, 28.41019630432129, 13.394355773925781, 72.79419898986816, 26.790857315063477, 37.72616386413574, 13.947248458862305, 92.01288223266602, 24.497032165527344, 24.67179298400879, 78.81021499633789, 29.022932052612305, 14.650344848632812, 38.353919982910156, 83.19830894470215, 15.73491096496582, 38.55109214782715, 19.050121307373047, 78.74274253845215, 30.643701553344727, 43.83206367492676, 32.271385192871094, 87.12053298950195, 25.548458099365234, 28.367996215820312, 19.46091651916504, 89.78080749511719, 39.492130279541016, 19.868850708007812, 92.4828052520752, 26.982784271240234, 19.965410232543945, 35.91513633728027, 76.38216018676758, 19.63043212890625, 32.869815826416016, 19.171476364135742, 84.19990539550781, 21.53778076171875, 28.274059295654297, 28.750181198120117, 87.93330192565918, 31.63766860961914, 18.232107162475586, 30.141115188598633, 90.71993827819824, 23.813962936401367, 33.37907791137695, 12.865066528320312, 86.44843101501465, 15.220880508422852, 26.035547256469727, 89.3869400024414, 14.50490951538086, 25.454044342041016, 38.27381134033203, 81.2070369720459, 13.992071151733398, 26.473045349121094, 25.69270133972168, 75.27828216552734, 36.76295280456543, 23.41628074645996, 18.12887191772461, 85.14666557312012, 26.025772094726562, 14.146089553833008, 24.8563289642334, 86.38167381286621, 27.061939239501953, 23.434877395629883, 16.855955123901367, 69.94843482971191, 22.220611572265625, 36.913156509399414, 74.43952560424805, 14.428138732910156, 36.748647689819336, 13.768434524536133, 72.68667221069336, 25.674819946289062, 36.24773025512695, 13.182401657104492, 87.46576309204102, 25.522708892822266, 14.59193229675293, 25.91419219970703, 83.67347717285156, 29.30903434753418, 26.541948318481445, 16.04437828063965, 80.49607276916504, 29.73031997680664, 27.823209762573242, 73.9736557006836, 28.614044189453125, 19.165754318237305, 23.040771484375, 74.12385940551758, 37.270545959472656, 25.18916130065918, 18.355131149291992, 86.0600471496582, 27.14371681213379, 26.551485061645508, 22.96590805053711, 74.31221008300781, 26.061296463012695, 28.789520263671875, 14.233589172363281, 71.85769081115723, 32.99236297607422, 18.744945526123047, 24.55759048461914, 71.12741470336914, 36.03386878967285, 29.694080352783203, 73.96245002746582, 24.715185165405273, 26.949405670166016, 26.37195587158203, 73.57382774353027, 26.1075496673584, 15.938282012939453, 30.978918075561523, 65.89269638061523, 25.91562271118164, 26.988744735717773, 23.302793502807617, 87.61453628540039, 26.43895149230957, 29.899120330810547, 73.77314567565918, 16.951560974121094, 36.64803504943848, 32.652854919433594, 77.61383056640625, 12.816190719604492, 26.018619537353516, 27.142763137817383, 86.55548095703125, 27.065753936767578, 27.894020080566406, 15.503406524658203, 86.93099021911621, 25.838851928710938, 16.026735305786133, 83.16779136657715, 28.867006301879883, 23.436784744262695, 19.138097763061523, 86.39979362487793, 25.05016326904297, 24.36351776123047, 31.643390655517578, 76.4012336730957, 25.965452194213867, 15.363454818725586, 35.5527400970459, 77.75640487670898, 13.92674446105957, 38.985252380371094, 75.78253746032715, 26.7636775970459, 26.424646377563477, 26.282310485839844, 14.454841613769531, 86.7464542388916, 26.006698608398438, 15.93327522277832, 80.8401107788086, 29.61277961730957, 26.154518127441406, 30.954599380493164, 75.86860656738281, 13.861417770385742, 25.61020851135254, 21.594762802124023, 77.28433609008789, 28.775930404663086, 38.657188415527344, 74.39637184143066, 28.464078903198242, 27.347326278686523, 25.609970092773438, 75.97708702087402, 24.495601654052734, 26.301860809326172, 29.628753662109375, 75.4542350769043, 13.435125350952148, 38.79046440124512, 28.63311767578125, 67.70992279052734, 25.440454483032227, 33.715009689331055, 22.234678268432617, 71.82526588439941, 35.22849082946777, 26.3369083404541, 18.160343170166016, 72.19219207763672, 39.41178321838379, 25.578737258911133, 77.72421836853027, 26.778459548950195, 27.101516723632812, 26.137828826904297, 65.8113956451416, 37.483930587768555, 22.80139923095703, 18.906354904174805, 86.49778366088867, 14.686107635498047, 28.16176414489746, 35.22181510925293, 80.02567291259766, 27.332067489624023, 15.656709671020508, 81.37989044189453, 29.74987030029297, 14.36305046081543, 35.920143127441406, 71.56634330749512, 15.039920806884766, 24.465560913085938, 38.14864158630371, 61.42759323120117, 35.25495529174805, 