{"start": 1546155024.0872967, "timings": [1.3637542724609375, 5.262136459350586, 3.613710403442383, 3.3359527587890625, 3.431558609008789, 4.148244857788086, 2.9616355895996094, 3.153562545776367, 2.894163131713867, 3.71551513671875, 2.881765365600586, 6.068229675292969, 5.169153213500977, 6.685972213745117, 6.685972213745117, 6.752490997314453, 4.598855972290039, 5.759954452514648, 6.9103240966796875, 4.844188690185547, 4.974842071533203, 6.624698638916016, 5.601406097412109, 5.874156951904297, 5.827903747558594, 5.855083465576172, 4.751443862915039, 4.249334335327148, 6.31403923034668, 5.692720413208008, 5.039691925048828, 6.185770034790039, 5.685329437255859, 5.05375862121582, 6.680965423583984, 4.791498184204102, 6.014347076416016, 6.653070449829102, 7.24482536315918, 5.8460235595703125, 4.272937774658203, 5.684852600097656, 5.29170036315918, 5.293369293212891, 7.023096084594727, 5.363702774047852, 4.290103912353516, 5.0830841064453125, 7.343292236328125, 3.733396530151367, 7.292985916137695, 3.866910934448242, 6.805658340454102, 5.470991134643555, 3.9670467376708984, 5.730390548706055, 7.157564163208008, 5.277872085571289, 5.552053451538086, 5.95402717590332, 4.441738128662109, 5.676507949829102, 6.600856781005859, 5.611419677734375, 4.05573844909668, 6.178140640258789, 4.004716873168945, 4.944086074829102, 6.678104400634766, 5.138635635375977, 5.812883377075195, 5.289793014526367, 6.690740585327148, 6.295680999755859, 5.320310592651367, 4.893779754638672, 3.7565231323242188, 5.5751800537109375, 5.655527114868164, 5.775928497314453, 5.339622497558594, 5.1479339599609375, 5.9528350830078125, 4.221200942993164, 6.578922271728516, 4.683017730712891, 5.622386932373047, 4.637479782104492, 6.576061248779297, 4.45866584777832, 5.402565002441406, 6.139516830444336, 4.273414611816406, 4.841327667236328, 5.258083343505859, 5.788326263427734, 6.525516510009766, 3.8292407989501953, 6.412982940673828, 5.410432815551758, 5.666494369506836, 9.859085083007812, 10.746002197265625, 7.512807846069336, 8.256673812866211, 7.848024368286133, 6.251811981201172, 9.71078872680664, 7.476806640625, 7.629871368408203, 7.534027099609375, 7.102012634277344, 9.548664093017578, 8.955240249633789, 7.062196731567383, 9.373188018798828, 4.508256912231445, 9.395837783813477, 10.428667068481445, 7.4481964111328125, 6.670713424682617, 6.686687469482422, 10.296106338500977, 9.212493896484375, 7.246732711791992, 8.683919906616211, 7.925271987915039, 9.804487228393555, 7.242679595947266, 7.043600082397461, 10.818719863891602, 7.718086242675781, 11.463403701782227, 5.496978759765625, 11.969566345214844, 10.291099548339844, 10.101795196533203, 7.472515106201172, 9.343624114990234, 7.155179977416992, 10.95271110534668, 7.688283920288086, 5.691766738891602, 10.404348373413086, 6.476163864135742, 8.325815200805664, 8.296489715576172, 9.100675582885742, 11.15107536315918, 7.350921630859375, 6.315708160400391, 10.14566421508789, 6.0138702392578125, 10.833501815795898, 6.722688674926758, 8.559703826904297, 7.698774337768555, 11.641740798950195, 8.802175521850586, 9.039163589477539, 9.749412536621094, 6.826162338256836, 9.027481079101562, 9.848594665527344, 7.772922515869141, 8.175373077392578, 6.760358810424805, 8.263111114501953, 9.268045425415039, 8.679389953613281, 8.970260620117188, 8.685111999511719, 8.095264434814453, 7.897138595581055, 8.779287338256836, 9.521722793579102, 7.918596267700195, 7.979393005371094, 7.707118988037109, 7.93766975402832, 8.391618728637695, 5.851268768310547, 7.605075836181641, 6.151914596557617, 9.28044319152832, 7.791280746459961, 7.189035415649414, 8.111000061035156, 7.97271728515625, 8.924007415771484, 9.197711944580078, 7.816553115844727, 11.229753494262695, 7.768154144287109, 5.484342575073242, 8.88967514038086, 7.898569107055664, 9.570837020874023, 5.065441131591797, 8.842229843139648, 6.118059158325195, 8.542060852050781, 8.23664665222168, 8.182048797607422, 8.862018585205078, 9.017229080200195, 8.658170700073242, 8.12983512878418, 7.013797760009766, 6.181955337524414, 8.503198623657227, 8.334875106811523, 8.680343627929688, 8.278369903564453, 9.93657112121582, 7.504940032958984, 8.034944534301758, 6.35075569152832, 6.74128532409668, 8.195877075195312, 6.447315216064453, 6.4697265625, 8.518457412719727, 8.857011795043945, 8.231401443481445, 7.426977157592773, 8.725881576538086, 8.248567581176758, 7.261037826538086, 8.036375045776367, 9.465456008911133, 7.266044616699219, 6.826162338256836, 7.417201995849609, 7.2612762451171875, 9.363651275634766, 9.218692779541016, 10.53762435913086, 7.184028625488281, 5.3272247314453125, 8.130550384521484, 9.320497512817383, 7.448434829711914, 6.52766227722168, 7.234811782836914, 8.116483688354492, 8.05354118347168, 7.299184799194336, 8.610725402832031, 10.512590408325195, 7.637262344360352, 4.948854446411133, 9.318828582763672, 8.74948501586914, 5.557775497436523, 6.505727767944336, 9.651660919189453, 11.031389236450195, 9.546756744384766, 5.478858947753906, 7.834434509277344, 9.4451904296875, 8.270740509033203, 11.625051498413086, 7.298469543457031, 8.490800857543945, 8.94308090209961, 11.002063751220703, 8.512496948242188, 8.11004638671875, 8.397579193115234, 6.447553634643555, 8.493423461914062, 7.257223129272461, 7.947206497192383, 7.268190383911133, 8.764266967773438, 8.095741271972656, 9.00411605834961, 9.105682373046875, 9.164810180664062, 10.959863662719727, 9.879350662231445, 6.139278411865234, 7.930278778076172, 11.00468635559082, 8.018970489501953, 5.787849426269531, 7.758617401123047, 9.460687637329102, 10.439157485961914, 8.204221725463867, 6.407737731933594, 7.40504264831543, 8.46719741821289, 7.663726806640625, 10.151386260986328, 8.444547653198242, 5.133867263793945, 10.101556777954102, 6.784915924072266, 9.764909744262695, 10.285615921020508, 6.954431533813477, 9.767532348632812, 6.3991546630859375, 8.03232192993164, 8.149147033691406, 8.533954620361328, 8.066654205322266, 10.544300079345703, 7.436513900756836, 8.055925369262695, 10.020971298217773, 6.229639053344727, 9.733915328979492, 8.1024169921875, 9.647607803344727, 8.413314819335938, 8.09168815612793, 5.923748016357422, 8.237361907958984, 9.574174880981445, 8.426427841186523, 10.293006896972656, 6.323814392089844, 7.817506790161133, 9.022712707519531, 8.810758590698242, 6.470441818237305, 11.943578720092773, 6.195068359375, 7.885217666625977, 8.06736946105957, 9.389400482177734, 8.368968963623047, 8.190631866455078, 8.321523666381836, 7.8525543212890625, 6.892919540405273, 9.987831115722656, 8.730649948120117, 6.933689117431641, 9.175777435302734, 8.769512176513672, 8.838415145874023, 9.688377380371094, 9.141683578491211, 8.537769317626953, 7.061958312988281, 9.500980377197266, 5.335330963134766, 9.324312210083008, 10.811328887939453, 8.211851119995117, 8.015155792236328, 10.775566101074219, 5.957126617431641, 9.365081787109375, 5.900144577026367, 9.537458419799805, 9.305000305175781, 7.830381393432617, 8.61668586730957, 8.431196212768555, 8.374929428100586, 9.565114974975586, 9.847402572631836, 8.196830749511719, 6.941318511962891, 8.767127990722656, 9.206771850585938, 7.6904296875, 7.935285568237305, 9.027242660522461, 8.270740509033203, 9.723663330078125, 8.331060409545898, 7.3909759521484375, 9.810686111450195, 5.8307647705078125, 7.77745246887207, 8.967161178588867, 6.672859191894531, 7.295131683349609, 7.9898834228515625, 9.694337844848633, 8.344411849975586, 10.028362274169922, 11.113405227661133, 8.60452651977539, 7.317066192626953, 7.7610015869140625, 8.573770523071289, 8.829593658447266, 7.729530334472656, 9.723663330078125, 8.326530456542969, 11.32655143737793, 8.364200592041016, 7.346391677856445, 11.117935180664062, 5.915403366088867, 11.295557022094727, 5.869388580322266, 11.261940002441406, 9.19651985168457, 9.212255477905273, 6.992578506469727, 8.680582046508789, 6.772518157958984, 12.476444244384766, 12.337207794189453, 7.091760635375977, 8.651018142700195, 9.488821029663086, 5.779743194580078, 8.515596389770508, 