{"start": 1546289780.191142, "timings": [82.85236358642578, 14.706611633300781, 0.27370452880859375, 0.24700164794921875, 0.22649765014648438, 19.814014434814453, 132.493257522583, 81.02273941040039, 25.76160430908203, 81.12215995788574, 31.412363052368164, 180.39274215698242, 22.431135177612305, 92.64922142028809, 34.58738327026367, 19.415616989135742, 141.24298095703125, 33.102989196777344, 92.94748306274414, 56.70166015625, 174.18193817138672, 26.192903518676758, 94.61331367492676, 37.44673728942871, 21.691560745239258, 93.50991249084473, 95.85380554199219, 99.75481033325195, 105.5288314819336, 108.92677307128906, 83.5871696472168, 35.11810302734375, 6.317853927612305, 87.28241920471191, 46.00977897644043, 165.78412055969238, 111.81259155273438, 29.35647964477539, 6.207942962646484, 25.742053985595703, 178.50399017333984, 103.93929481506348, 97.66006469726562, 105.41558265686035, 88.66333961486816, 123.22306632995605, 100.95477104187012, 82.54480361938477, 37.084102630615234, 94.9256420135498, 103.16133499145508, 82.63230323791504, 32.00030326843262, 86.4105224609375, 34.603118896484375, 171.42915725708008, 35.39085388183594, 112.31684684753418, 161.07630729675293, 28.9766788482666, 27.75430679321289, 79.2088508605957, 33.52475166320801, 157.65786170959473, 39.69287872314453, 92.59915351867676, 34.5158576965332, 184.71527099609375, 116.65105819702148, 16.25990867614746, 86.93838119506836, 108.55484008789062, 84.18583869934082, 45.610904693603516, 114.91632461547852, 91.89295768737793, 74.30386543273926, 33.936262130737305, 105.51762580871582, 42.145729064941406, 176.7578125, 100.52180290222168, 29.14142608642578, 23.42057228088379, 185.5144500732422, 87.92638778686523, 35.04776954650879, 104.19011116027832, 97.47314453125, 87.85843849182129, 48.725128173828125, 175.018310546875, 21.569252014160156, 89.03646469116211, 27.38189697265625, 77.48627662658691, 29.256582260131836, 102.54669189453125, 95.65162658691406, 89.8582935333252, 33.42556953430176, 91.53461456298828, 73.78292083740234, 33.4017276763916, 87.6622200012207, 33.42127799987793, 19.599199295043945, 155.0576686859131, 34.155845642089844, 96.9092845916748, 33.09130668640137, 89.06006813049316, 100.45289993286133, 25.72321891784668, 91.02535247802734, 11.355400085449219, 16.884326934814453, 79.96106147766113, 102.77128219604492, 88.42778205871582, 34.487247467041016, 94.15817260742188, 6.767749786376953, 26.813268661499023, 88.44518661499023, 85.82019805908203, 35.65359115600586, 86.8375301361084, 34.99197959899902, 154.83474731445312, 36.07583045959473, 6.485700607299805, 87.71729469299316, 32.74416923522949, 171.34690284729004, 28.47909927368164, 98.72603416442871, 197.98541069030762, 87.07809448242188, 39.90364074707031, 89.62416648864746, 97.81742095947266, 86.73286437988281, 30.37858009338379, 91.30668640136719, 104.89320755004883, 7.500886917114258, 83.43887329101562, 7.944822311401367, 36.84735298156738, 89.9345874786377, 20.009279251098633, 28.634309768676758, 167.71459579467773, 51.22852325439453, 78.63473892211914, 32.93275833129883, 158.50543975830078, 46.022653579711914, 99.02310371398926, 28.112173080444336, 157.91034698486328, 35.36820411682129, 25.94280242919922, 81.16531372070312, 36.817073822021484, 161.8046760559082, 102.1585464477539, 34.7445011138916, 20.25151252746582, 77.3618221282959, 114.62116241455078, 97.33200073242188, 21.44908905029297, 87.93020248413086, 33.06293487548828, 154.9830436706543, 33.414602279663086, 81.7723274230957, 33.60748291015625, 181.6554069519043, 59.07082557678223, 119.18997764587402, 24.863719940185547, 171.0817813873291, 97.20373153686523, 33.99658203125, 35.178422927856445, 166.17465019226074, 20.556926727294922, 67.54803657531738, 32.99093246459961, 178.5755157470703, 31.380653381347656, 94.71273422241211, 121.80113792419434, 177.28018760681152, 37.32132911682129, 20.319700241088867, 106.74285888671875, 24.55592155456543, 155.39908409118652, 33.605337142944336, 87.41974830627441, 47.74069786071777, 140.02013206481934, 8.115768432617188, 38.90872001647949, 108.66999626159668, 176.1453151702881, 35.160064697265625, 94.65193748474121, 20.845413208007812, 181.30922317504883, 99.42340850830078, 28.992414474487305, 181.74171447753906, 97.74184226989746, 37.9180908203125, 185.9879493713379, 82.63015747070312, 28.046131134033203, 85.18624305725098, 28.868436813354492, 13.573169708251953, 170.59779167175293, 39.89553451538086, 82.04245567321777, 27.760982513427734, 163.6500358581543, 34.69657897949219, 107.01751708984375, 112.36429214477539, 100.81791877746582, 96.7557430267334, 40.24958610534668, 103.08456420898438, 95.428466796875, 110.81624031066895, 20.989179611206055, 108.95061492919922, 7.374763488769531, 158.9376926422119, 34.72471237182617, 13.518571853637695, 81.06422424316406, 26.61919593811035, 168.9305305480957, 34.55018997192383, 101.79591178894043, 29.273271560668945, 167.00410842895508, 35.65573692321777, 97.41735458374023, 191.67304039001465, 36.11278533935547, 95.83640098571777, 8.477449417114258, 33.911705017089844, 96.0233211517334, 100.96955299377441, 20.33066749572754, 102.5691032409668, 95.42679786682129, 8.362293243408203, 106.6749095916748, 99.82109069824219, 39.422035217285156, 91.89701080322266, 33.66351127624512, 190.1538372039795, 106.61721229553223, 19.09470558166504, 38.506269454956055, 178.6057949066162, 99.90572929382324, 34.168243408203125, 7.349729537963867, 163.17415237426758, 49.67546463012695, 103.1179428100586, 14.818429946899414, 82.94129371643066, 110.25333404541016, 107.16009140014648, 105.96227645874023, 93.89925003051758, 89.02430534362793, 32.707929611206055, 21.326780319213867, 78.25732231140137, 33.49137306213379, 156.94022178649902, 28.933286666870117, 21.75760269165039, 101.5787124633789, 175.48441886901855, 36.03935241699219, 22.125720977783203, 89.99848365783691, 36.47947311401367, 160.0341796875, 40.811777114868164, 80.25121688842773, 34.00135040283203, 88.64855766296387, 102.0205020904541, 89.93244171142578, 47.76716232299805, 172.43409156799316, 91.28522872924805, 33.55526924133301, 85.68596839904785, 36.44227981567383, 161.52262687683105, 45.08519172668457, 76.88355445861816, 35.105228424072266, 93.07074546813965, 96.71425819396973, 101.0134220123291, 36.6058349609375, 169.39115524291992, 33.81180763244629, 20.801305770874023, 111.4034652709961, 171.27466201782227, 20.842790603637695, 96.76313400268555, 32.512664794921875, 97.13077545166016, 101.57942771911621, 87.41426467895508, 19.385814666748047, 38.51795196533203, 176.53179168701172, 91.65167808532715, 33.736228942871094, 102.14924812316895, 36.551713943481445, 165.8787727355957, 40.04478454589844, 94.56777572631836, 46.79679870605469, 167.41657257080078, 92.85354614257812, 34.860849380493164, 165.29083251953125, 109.32207107543945, 32.70387649536133, 6.288766860961914, 93.20664405822754, 109.01784896850586, 82.85021781921387, 52.083492279052734, 70.74236869812012, 103.22237014770508, 16.77536964416504, 103.8658618927002, 90.86489677429199, 111.24539375305176, 109.2684268951416, 20.51258087158203, 77.24881172180176, 36.24391555786133, 159.27791595458984, 32.68146514892578, 87.74685859680176, 32.555580139160156, 191.6215419769287, 97.50151634216309, 44.15488243103027, 156.07070922851562, 105.61037063598633, 20.206212997436523, 34.28912162780762, 174.80754852294922, 22.518634796142578, 101.50575637817383, 86.97390556335449, 34.88349914550781, 6.593942642211914, 170.81785202026367, 22.85623550415039, 94.02894973754883, 180.6509494781494, 34.5151424407959, 84.6552848815918, 37.761688232421875, 176.39946937561035, 33.288002014160156, 104.65693473815918, 47.762155532836914, 165.1003360748291, 98.83785247802734, 11.952638626098633, 22.55105972290039, 31.24094009399414, 176.90420150756836, 105.26585578918457, 35.917043685913086, 112.81418800354004, 158.65254402160645, 33.91265869140625, 96.9095230102539, 40.13633728027344, 172.9731559753418, 33.64443778991699, 115.59867858886719, 172.09148406982422, 22.212505340576172, 97.01848030090332, 